athlete_id,first_name,last_name,full_name,display_name,weight,height,position_abbreviation,passing_completions,passing_completion_pct,passing_interceptions,passing_interception_pct,passing_net_passing_yards_per_game,passing_passing_attempts,passing_passing_touchdowns,passing_passing_touchdown_pct,passing_passing_yards,passing_sacks,passing_yards_per_pass_attempt
102597,Will,Rogers,Will Rogers,Will Rogers,215,74,QB,142,59.91600036621094,4,1.687999963760376,203.25,237,12,5.063000202178955,1626,14,6.861000061035156
4240094,Micah,Leon,Micah Leon,Micah Leon,220,77,QB,2,66.66699981689453,0,0,16,3,0,0,16,0,5.333000183105469
4240351,Tyler,Vander Waal,Tyler Vander Waal,Tyler Vander Waal,220,76,QB,55,50.92599868774414,6,5.556000232696533,111,108,3,2.7780001163482666,555,13,5.138999938964844
4241937,Kasim,Hill,Kasim Hill,Kasim Hill,234,74,QB,221,59.249000549316406,10,2.680999994277954,279.4545593261719,373,18,4.826000213623047,3074,21,8.241000175476074
4241965,Rocky,Lombardi,Rocky Lombardi,Rocky Lombardi,223,75,QB,171,57.382999420166016,5,1.6779999732971191,172.8333282470703,298,10,3.3559999465942383,2074,15,6.960000038146973
4245186,Frank,Harris,Frank Harris,Frank Harris,205,72,QB,218,64.88099670410156,8,2.38100004196167,250.60000610351562,336,18,5.35699987411499,2506,16,7.458000183105469
4248558,Jason,Brown,Jason Brown,Jason Brown,230,74,QB,135,63.08399963378906,3,1.4019999504089355,174.875,214,8,3.73799991607666,1399,14,6.5370001792907715
4249638,Zion,Webb,Zion Webb,Zion Webb,200,74,QB,97,50,6,3.0929999351501465,116.45454406738281,194,5,2.5769999027252197,1281,9,6.603000164031982
4250679,Dom,Shoffner,Dom Shoffner,Dom Shoffner,201,73,QB,4,44.444000244140625,1,11.111000061035156,12.333333015441895,9,0,0,37,0,4.111000061035156
4360056,Ben,Bryant,Ben Bryant,Ben Bryant,220,75,QB,150,61.72800064086914,6,2.4690001010894775,198.125,243,11,4.5269999504089355,1585,23,6.5229997634887695
4360230,Emory,Jones,Emory Jones,Emory Jones,212,75,QB,197,61.18000030517578,10,3.1059999465942383,184.9166717529297,322,18,5.590000152587891,2219,25,6.890999794006348
4360271,Tanner,Mordecai,Tanner Mordecai,Tanner Mordecai,218,74,QB,177,64.5989990234375,4,1.4600000381469727,187.44444274902344,274,6,2.190000057220459,1687,12,6.1570000648498535
4360423,Michael,Penix Jr.,Michael Penix Jr.,Michael Penix Jr.,213,75,QB,307,65.87999725341797,9,1.930999994277954,324.4615478515625,466,33,7.081999778747559,4218,10,9.052000045776367
4360650,Blake,Stenstrom,Blake Stenstrom,Blake Stenstrom,225,76,QB,210,59.4900016784668,5,1.4160000085830688,224.3000030517578,353,13,3.683000087738037,2243,26,6.354000091552734
4360689,Tyler,Shough,Tyler Shough,Tyler Shough,230,77,QB,67,60.36000061035156,4,3.6040000915527344,186.5,111,7,6.306000232696533,746,9,6.7210001945495605
4360698,Joe,Milton III,Joe Milton III,Joe Milton III,235,77,QB,229,64.68900299072266,5,1.4119999408721924,234.4166717529297,354,20,5.650000095367432,2813,16,7.946000099182129
4360799,Jordan,Travis,Jordan Travis,Jordan Travis,212,73,QB,207,63.888999938964844,2,0.6169999837875366,250.5454559326172,324,20,6.172999858856201,2756,14,8.505999565124512
4360846,Theo,Day,Theo Day,Theo Day,231,77,QB,204,60.7140007019043,15,4.464000225067139,258.18182373046875,336,16,4.76200008392334,2840,30,8.45199966430664
4360890,Jordan,McCloud,Jordan McCloud,Jordan McCloud,199,72,QB,261,68.86499786376953,9,2.375,283.3333435058594,379,32,8.442999839782715,3400,19,8.970999717712402
4360900,Jason,Bean,Jason Bean,Jason Bean,195,75,QB,105,61.40399932861328,4,2.3389999866485596,186.77777099609375,171,12,7.01800012588501,1681,5,9.829999923706055
4360936,Zack,Annexstad,Zack Annexstad,Zack Annexstad,220,75,QB,221,69.71600341796875,5,1.5770000219345093,234.55555725097656,317,17,5.36299991607666,2111,7,6.658999919891357
4361025,Jack,Tuttle,Jack Tuttle,Jack Tuttle,210,76,QB,15,88.23500061035156,0,0,26,17,1,5.881999969482422,130,0,7.646999835968018
4361091,Jacob,Sirmon,Jacob Sirmon,Jacob Sirmon,230,77,QB,133,56.35599899291992,9,3.813999891281128,156.875,236,8,3.390000104904175,1255,18,5.317999839782715
4361222,Layne,Hatcher,Layne Hatcher,Layne Hatcher,210,72,QB,64,65.305999755859375,1,1.0199999809265137,97,98,4,4.081999778747559,582,11,5.939000129699707
4361493,Jack,Plummer,Jack Plummer,Jack Plummer,215,77,QB,235,63.513999938964844,12,3.243000030517578,235.61538696289062,370,21,5.676000118255615,3063,29,8.2779998779296875
4361497,Carson,Baker,Carson Baker,Carson Baker,205,75,QB,21,46.66699981689453,1,2.2219998836517334,45.599998474121094,45,0,0,228,13,5.066999912261963
4361607,Andrew,Peasley,Andrew Peasley,Andrew Peasley,218,74,QB,146,60.58100128173828,5,2.075000047683716,165.72727966308594,241,20,8.298999786376953,1823,23,7.564000129699707
4361636,John,Paddock,John Paddock,John Paddock,190,72,QB,85,59.441001892089844,3,2.0980000495910645,213,143,9,6.294000148773193,1278,6,8.937000274658203
4361653,Devin,Leary,Devin Leary,Devin Leary,217,73,QB,193,56.268001556396484,10,2.9149999618530273,203.3333282470703,343,23,6.705999851226807,2440,20,7.113999843597412
4361690,Sean,Chambers,Sean Chambers,Sean Chambers,228,75,QB,50,54.94499969482422,2,2.197999954223633,73.91666412353516,91,9,9.890000343322754,887,6,9.746999740600586
4361735,Re-al,Mitchell,Re-al Mitchell,Re-al Mitchell,210,72,QB,3,60,0,0,2.75,5,0,0,22,0,4.400000095367432
4361825,Spencer,Sanders,Spencer Sanders,Spencer Sanders,210,73,QB,19,65.516998291015625,0,0,39.71428680419922,29,3,10.345000267028809,278,0,9.586000442504883
4361959,Quincy,Patterson,Quincy Patterson,Quincy Patterson,235,75,QB,20,41.66699981689453,3,6.25,26.285715103149414,48,0,0,184,7,3.8329999446868896
4361994,Sam,Hartman,Sam Hartman,Sam Hartman,210,73,QB,191,63.45500183105469,8,2.6579999923706055,224.0833282470703,301,24,7.9730000495910645,2689,14,8.934000015258789
4362073,Casey,Thompson,Casey Thompson,Casey Thompson,200,73,QB,50,63.29100036621094,5,6.328999996185303,169.6666717529297,79,5,6.328999996185303,509,3,6.442999839782715
4362140,Steven,Krajewski,Steven Krajewski,Steven Krajewski,215,76,QB,139,54.08599853515625,7,2.7239999771118164,145.5454559326172,257,14,5.447000026702881,1601,20,6.230000019073486
4362159,Alan,Bowman,Alan Bowman,Alan Bowman,209,76,QB,270,59.73500061035156,12,2.6549999713897705,235.23077392578125,452,13,2.875999927520752,3058,7,6.764999866485596
4362211,Trey,Lowe,Trey Lowe,Trey Lowe,215,74,QB,0,0,0,0,0,3,0,0,0,0,0
4362260,Carter,Bradley,Carter Bradley,Carter Bradley,216,75,QB,221,67.79100036621094,7,2.1470000743865967,241.81817626953125,326,19,5.828000068664551,2660,27,8.15999984741211
4362365,Davis,Brin,Davis Brin,Davis Brin,210,74,QB,330,64.70600128173828,16,3.13700008392334,285.9166564941406,510,22,4.314000129699707,3431,26,6.7270002365112305
4362723,Gunnar,Watson,Gunnar Watson,Gunnar Watson,210,75,QB,247,61.290000915527344,5,1.2410000562667847,256.8461608886719,403,27,6.699999809265137,3339,22,8.28499984741211
4362894,Jalen,Mayden,Jalen Mayden,Jalen Mayden,220,75,QB,199,63.375999450683594,9,2.865999937057495,169.25,314,10,3.184999942779541,2031,21,6.4679999351501465
4363410,Dylan,Hopkins,Dylan Hopkins,Dylan Hopkins,225,74,QB,157,55.67399978637695,9,3.190999984741211,188.5454559326172,282,11,3.9010000228881836,2074,15,7.355000019073486
4363640,Jeremy,Moussa,Jeremy Moussa,Jeremy Moussa,225,75,QB,195,57.69200134277344,7,2.071000099182129,236.72727966308594,338,19,5.620999813079834,2604,13,7.703999996185303
4365325,Colby,Suits,Colby Suits,Colby Suits,240,76,QB,158,56.02799987792969,10,3.5460000038146973,191.89999389648438,282,13,4.610000133514404,1919,16,6.804999828338623
4366190,Kylan,Weisser,Kylan Weisser,Kylan Weisser,220,75,QB,81,52.59700012207031,7,4.545000076293945,130.3333282470703,154,2,1.2990000247955322,782,12,5.078000068664551
4366715,Jeff,Undercuffler Jr.,Jeff Undercuffler Jr.,Jeff Undercuffler Jr.,240,77,QB,138,61.606998443603516,9,4.01800012588501,137.8000030517578,224,4,1.7860000133514404,1378,21,6.1519999504089355
4367591,Marquez,McCray,Marquez McCray,Marquez McCray,225,74,QB,212,64.832000732421875,6,1.8350000381469727,236.5454559326172,327,21,6.421999931335449,2602,33,7.956999778747559
4368343,Austin,Reed,Austin Reed,Austin Reed,220,74,QB,289,61.48899841308594,11,2.3399999141693115,278.3333435058594,470,31,6.5960001945495605,3340,7,7.105999946594238
4368348,Nic,Baker,Nic Baker,Nic Baker,202,69,QB,234,65.180999755859375,7,1.9500000476837158,210.84616088867188,359,17,4.735000133514404,2741,41,7.635000228881836
4368398,Mitch,Davidson,Mitch Davidson,Mitch Davidson,220,76,QB,256,69.56500244140625,6,1.6299999952316284,237.53846740722656,368,24,6.521999835968018,3088,17,8.390999794006348
4368767,Parker,McKinney,Parker McKinney,Parker McKinney,208,75,QB,265,63.24599838256836,12,2.864000082015991,275.7272644042969,419,20,4.7729997634887695,3033,14,7.238999843597412
4368768,DJ,Irons,DJ Irons,DJ Irons,215,76,QB,88,66.16500091552734,3,2.25600004196167,144.39999389648438,133,3,2.25600004196167,722,14,5.428999900817871
4368833,Michael,Hiers,Michael Hiers,Michael Hiers,215,73,QB,314,72.01799774169922,8,1.8350000381469727,277.81817626953125,436,18,4.127999782562256,3056,35,7.008999824523926
4369448,Darren,Grainger,Darren Grainger,Darren Grainger,225,76,QB,225,66.96399688720703,7,2.0829999446868896,197,336,17,5.059999942779541,2364,14,7.035999774932861
4369839,J.T.,Shrout,J.T. Shrout,J.T. Shrout,215,75,QB,24,47.058998107910156,2,3.921999931335449,113.5,51,0,0,227,1,4.451000213623047
4370775,Brennan,Armstrong,Brennan Armstrong,Brennan Armstrong,212,74,QB,146,62.393001556396484,6,2.563999891281128,147.36363220214844,234,11,4.701000213623047,1621,14,6.927000045776367
4370935,Trazon,Connley,Trazon Connley,Trazon Connley,196,74,QB,134,55.14400100708008,10,4.114999771118164,171.5,243,9,3.7039999961853027,2058,27,8.468999862670898
4372768,Phil,Jurkovec,Phil Jurkovec,Phil Jurkovec,235,77,QB,57,50.893001556396484,3,2.678999900817871,136.3333282470703,112,6,5.35699987411499,818,12,7.303999900817871
4373013,Preston,Weeks,Preston Weeks,Preston Weeks,222,75,QB,63,57.27299880981445,3,2.7269999980926514,117.14286041259766,110,8,7.2729997634887695,820,6,7.454999923706055
4373851,Desmond,Trotter,Desmond Trotter,Desmond Trotter,220,75,QB,20,83.33300018310547,1,4.166999816894531,118,24,4,16.66699981689453,236,2,9.833000183105469
4373895,Ben,Wooldridge,Ben Wooldridge,Ben Wooldridge,215,75,QB,39,56.52199935913086,1,1.4490000009536743,169.3333282470703,69,5,7.245999813079834,508,3,7.361999988555908
4373934,Chevan,Cordeiro,Chevan Cordeiro,Chevan Cordeiro,187,73,QB,207,62.1619987487793,4,1.2009999752044678,213.1666717529297,333,19,5.705999851226807,2558,18,7.682000160217285
4374303,JT,Daniels,JT Daniels,JT Daniels,237,74,QB,181,63.066001892089844,7,2.438999891281128,271.4444580078125,287,21,7.316999912261963,2443,15,8.51200008392334
4379400,Matthew,Downing,Matthew Downing,Matthew Downing,203,72,QB,125,57.869998931884766,4,1.8519999980926514,191.5,216,19,8.795999526977539,1915,26,8.866000175476074
4383604,Deveon,Bryant,Deveon Bryant,Deveon Bryant,225,77,QB,62,53.91299819946289,3,2.6089999675750732,63.099998474121094,115,2,1.7389999628067017,631,11,5.486999988555908
4384187,Aaron,Allen,Aaron Allen,Aaron Allen,200,73,QB,191,63.45500183105469,6,1.9930000305175781,208.72727966308594,301,15,4.982999801635742,2296,16,7.627999782562256
4384546,Corey,Fields Jr.,Corey Fields Jr.,Corey Fields Jr.,195,72,QB,94,52.513999938964844,9,5.0279998779296875,126.5,179,13,7.263000011444092,1265,4,7.066999912261963
4384603,Will,McElvain,Will McElvain,Will McElvain,185,71,QB,239,63.56399917602539,5,1.3300000429153442,225.18182373046875,376,24,6.382999897003174,2477,23,6.5879998207092285
4426335,Graham,Mertz,Graham Mertz,Graham Mertz,215,75,QB,261,72.904998779296875,3,0.8379999995231628,263.9090881347656,358,20,5.586999893188477,2903,31,8.109000205993652
4426338,Bo,Nix,Bo Nix,Bo Nix,217,74,QB,336,77.240997314453125,3,0.6899999976158142,318.8461608886719,435,40,9.194999694824219,4145,5,9.529000282287598
4426339,Spencer,Rattler,Spencer Rattler,Spencer Rattler,217,73,QB,275,68.9219970703125,8,2.005000114440918,265.5,399,19,4.76200008392334,3186,40,7.985000133514404
4426348,Jayden,Daniels,Jayden Daniels,Jayden Daniels,210,76,QB,236,72.1709976196289,4,1.2230000495910645,317.6666564941406,327,40,12.232000350952148,3812,22,11.656999588012695
4426417,Jacob,Zeno,Jacob Zeno,Jacob Zeno,215,76,QB,279,73.61499786376953,9,2.375,284.18182373046875,379,20,5.2769999504089355,3126,28,8.248000144958496
4426430,Taisun,Phommachanh,Taisun Phommachanh,Taisun Phommachanh,215,76,QB,139,61.233001708984375,6,2.6429998874664307,167.44444274902344,227,6,2.6429998874664307,1507,19,6.638999938964844
4426444,Connor,Bazelak,Connor Bazelak,Connor Bazelak,225,75,QB,147,60.99599838256836,7,2.9049999713897705,171.39999389648438,241,11,4.564000129699707,1714,21,7.111999988555908
4426494,John Rhys,Plumlee,John Rhys Plumlee,John Rhys Plumlee,200,72,QB,145,63.87699890136719,8,3.5239999294281006,230.3333282470703,227,13,5.7270002365112305,2073,9,9.131999969482422
4426499,Hank,Bachmeier,Hank Bachmeier,Hank Bachmeier,221,73,QB,182,67.65799713134766,5,1.8589999675750732,228.6666717529297,269,10,3.7170000076293945,2058,20,7.651000022888184
4426519,Boone,Abbott,Boone Abbott,Boone Abbott,190,74,QB,17,48.57099914550781,3,8.571000099182129,64,35,1,2.8570001125335693,192,2,5.486000061035156
4426687,Johnathan,Bennett,Johnathan Bennett,Johnathan Bennett,230,72,QB,1,16.66699981689453,0,0,1.5,6,0,0,6,0,1
4426688,Kaiden,Bennett,Kaiden Bennett,Kaiden Bennett,188,71,QB,184,64.56099700927734,8,2.806999921798706,182.5,285,16,5.613999843597412,2190,13,7.684000015258789
4426770,Spencer,Brasch,Spencer Brasch,Spencer Brasch,205,76,QB,2,50,0,0,52,4,1,25,52,1,13
4426845,Dylan,Cadwallader,Dylan Cadwallader,Dylan Cadwallader,190,74,QB,71,62.28099822998047,2,1.753999948501587,97,114,1,0.8769999742507935,582,2,5.105000019073486
4426847,Zach,Calzada,Zach Calzada,Zach Calzada,200,76,QB,188,66.430999755859375,9,3.180000066757202,324.75,283,19,6.714000225067139,2598,14,9.180000305175781
4426884,Quincy,Casey,Quincy Casey,Quincy Casey,180,73,QB,115,58.9739990234375,6,3.0769999027252197,186.25,195,11,5.640999794006348,1490,13,7.640999794006348
4426894,Dante,Chachere,Dante Chachere,Dante Chachere,195,75,QB,143,61.904998779296875,7,3.0299999713897705,143,231,16,6.926000118255615,1573,18,6.809999942779541
4426966,Garrett,Shrader,Garrett Shrader,Garrett Shrader,225,76,QB,134,62.617000579833984,6,2.803999900817871,153.27272033691406,214,13,6.074999809265137,1686,25,7.879000186920166
4427191,Dequan,Finn,Dequan Finn,Dequan Finn,205,74,QB,201,63.40700149536133,9,2.8389999866485596,204.38461303710938,317,22,6.940000057220459,2657,10,8.381999969482422
4427238,Dillon,Gabriel,Dillon Gabriel,Dillon Gabriel,204,71,QB,266,69.27100372314453,6,1.562999963760376,305,384,30,7.813000202178955,3660,17,9.531000137329102
4427243,Brett,Gabbert,Brett Gabbert,Brett Gabbert,210,72,QB,111,59.358001708984375,5,2.6740000247955322,204.25,187,14,7.486999988555908,1634,15,8.73799991607666
4427244,Peter,Parrish,Peter Parrish,Peter Parrish,198,73,QB,25,51.02000045776367,4,8.163000106811523,70.66666412353516,49,0,0,212,4,4.327000141143799
4427313,Ta'Quan,Roberson,Ta'Quan Roberson,Ta'Quan Roberson,205,71,QB,197,58.284000396728516,6,1.774999976158142,188.63636779785156,338,12,3.549999952316284,2075,7,6.138999938964844
4427344,Chase,Griffin,Chase Griffin,Chase Griffin,195,70,QB,1,25,0,0,5.333333492279053,4,0,0,16,1,4
4427351,Grant,Gunnell,Grant Gunnell,Grant Gunnell,220,78,QB,14,63.63600158691406,1,4.545000076293945,100,22,0,0,100,2,4.545000076293945
4427354,Jarrett,Guest,Jarrett Guest,Jarrett Guest,200,75,QB,44,72.13099670410156,2,3.2790000438690186,139.1999969482422,61,7,11.475000381469727,696,0,11.40999984741211
4427455,Cade,McNamara,Cade McNamara,Cade McNamara,205,73,QB,46,51.111000061035156,3,3.3329999446868896,101,90,4,4.443999767303467,505,8,5.611000061035156
4427731,Tyler,Knoop,Tyler Knoop,Tyler Knoop,188,72,QB,215,63.79800033569336,10,2.9670000076293945,230.3000030517578,337,19,5.638000011444092,2303,13,6.834000110626221
4427911,Hollis,Mathis,Hollis Mathis,Hollis Mathis,170,74,QB,3,42.856998443603516,0,0,4.888888835906982,7,0,0,44,0,6.285999774932861
4427924,Justin,Allen,Justin Allen,Justin Allen,185,70,QB,30,53.57099914550781,2,3.571000099182129,68,56,1,1.7860000133514404,272,7,4.85699987411499
4427928,Brian,Maurer,Brian Maurer,Brian Maurer,215,77,QB,195,56.358001708984375,9,2.6010000705718994,206.60000610351562,346,14,4.046000003814697,2066,9,5.9710001945495605
4427936,Grayson,McCall,Grayson McCall,Grayson McCall,220,75,QB,151,67.41100311279297,6,2.678999900817871,274.1428527832031,224,10,4.464000225067139,1919,12,8.567000389099121
4427949,Clifton,McDowell,Clifton McDowell,Clifton McDowell,224,76,QB,122,59.512001037597656,3,1.4630000591278076,130.84616088867188,205,12,5.854000091552734,1701,17,8.29800033569336
4427966,Maverick,McIvor,Maverick McIvor,Maverick McIvor,210,74,QB,164,55.59299850463867,5,1.6950000524520874,179.27272033691406,295,15,5.085000038146973,1972,12,6.684999942779541
4428186,Alex,Padilla,Alex Padilla,Alex Padilla,194,73,QB,5,71.42900085449219,0,0,19.66666603088379,7,0,0,59,0,8.428999900817871
4428275,Cade,Pribula,Cade Pribula,Cade Pribula,205,73,QB,47,50,5,5.318999767303467,71.83333587646484,94,2,2.128000020980835,431,13,4.585000038146973
4428432,Cameron,Sapp,Cameron Sapp,Cameron Sapp,215,74,QB,32,52.45899963378906,3,4.918000221252441,79,61,6,9.836000442504883,553,3,9.065999984741211
4428439,Collin,Schlee,Collin Schlee,Collin Schlee,225,75,QB,14,45.1609992980957,2,6.452000141143799,23.16666603088379,31,1,3.2260000705718994,139,3,4.484000205993652
4428443,Eddie,Schott,Eddie Schott,Eddie Schott,220,77,QB,4,57.143001556396484,1,14.28600025177002,16,7,0,0,16,2,2.2860000133514404
4428512,Kedon,Slovis,Kedon Slovis,Kedon Slovis,215,75,QB,153,57.51900100708008,6,2.25600004196167,214.5,266,12,4.511000156402588,1716,12,6.451000213623047
4428671,Caden,Bell,Caden Bell,Caden Bell,200,72,QB,56,42.42399978637695,2,1.5149999856948853,83.57142639160156,132,2,1.5149999856948853,585,12,4.432000160217285
4428693,Trent,Tompkins,Trent Tompkins,Trent Tompkins,189,72,WR,0,0,0,0,0,2,0,0,0,0,0
4428805,Connor,Watkins,Connor Watkins,Connor Watkins,225,75,QB,152,56.50600051879883,10,3.7170000076293945,206.23077392578125,269,20,7.434999942779541,2681,24,9.967000007629395
4428890,Levi,Williams,Levi Williams,Levi Williams,230,77,QB,23,57.5,1,2.5,73.5,40,4,10,294,4,7.349999904632568
4428993,Haynes,King,Haynes King,Haynes King,204,75,QB,219,61.86399841308594,15,4.236999988555908,229.5833282470703,354,26,7.34499979019165,2755,15,7.7820000648498535
4429020,DJ,Uiagalelei,DJ Uiagalelei,DJ Uiagalelei,252,76,QB,180,57.143001556396484,7,2.2219998836517334,219.8333282470703,315,21,6.666999816894531,2638,11,8.375
4429032,Hudson,Card,Hudson Card,Hudson Card,210,74,QB,215,58.90399932861328,8,2.191999912261963,217,365,15,4.110000133514404,2387,21,6.539999961853027
4429066,Jeff,Sims,Jeff Sims,Jeff Sims,220,76,QB,28,59.57400131225586,6,12.765999794006348,56.400001525878906,47,1,2.128000020980835,282,5,6
4429068,Ethan,Garbers,Ethan Garbers,Ethan Garbers,210,75,QB,89,66.417999267578125,3,2.239000082015991,140.57142639160156,134,9,6.716000080108643,984,12,7.3429999351501465
4429070,Shane,Illingworth,Shane Illingworth,Shane Illingworth,233,78,QB,15,55.555999755859375,1,3.7039999961853027,175,27,0,0,175,5,6.480999946594238
4429079,Luke,Doty,Luke Doty,Luke Doty,209,73,QB,2,50,0,0,2.125,4,0,0,17,1,4.25
4429088,Drew,Pyne,Drew Pyne,Drew Pyne,190,72,QB,26,53.06100082397461,3,6.122000217437744,136.5,49,2,4.081999778747559,273,11,5.571000099182129
4429133,Malik,Hornsby,Malik Hornsby,Malik Hornsby,190,74,QB,8,53.33300018310547,1,6.666999816894531,11.857142448425293,15,0,0,83,1,5.5329999923706055
4429145,Harrison,Bailey,Harrison Bailey,Harrison Bailey,230,77,QB,3,60,0,0,51,5,1,20,51,0,10.199999809265137
4429149,Brendon,Lewis,Brendon Lewis,Brendon Lewis,215,74,QB,131,55.507999420166016,6,2.5420000553131104,109.41666412353516,236,2,0.847000002861023,1313,22,5.564000129699707
4429179,Aidan,Bouman,Aidan Bouman,Aidan Bouman,245,77,QB,187,66.78600311279297,6,2.1429998874664307,196.23077392578125,280,15,5.35699987411499,2551,13,9.111000061035156
4429270,Tyler,Beverett,Tyler Beverett,Tyler Beverett,205,75,QB,14,43.75,0,0,57.5,32,0,0,115,3,3.5940001010894775
4429415,Mikele,Colasurdo,Mikele Colasurdo,Mikele Colasurdo,220,73,QB,5,62.5,0,0,15.666666984558105,8,0,0,47,1,5.875
4429435,Brady,Cook,Brady Cook,Brady Cook,205,74,QB,233,66.38200378417969,6,1.7089999914169312,265.75,351,20,5.697999954223633,3189,20,9.085000038146973
4429463,Jacolby,Criswell,Jacolby Criswell,Jacolby Criswell,230,73,QB,17,62.9630012512207,0,0,35.75,27,3,11.111000061035156,143,5,5.296000003814697
4429516,Doug,Brumfield,Doug Brumfield,Doug Brumfield,225,78,QB,26,52,2,4,42,50,0,0,252,9,5.039999961853027
4429582,Joseph,Fagnano,Joseph Fagnano,Joseph Fagnano,224,75,QB,18,51.42900085449219,1,2.8570001125335693,86.5,35,0,0,173,4,4.942999839782715
4429595,Chandler,Fields,Chandler Fields,Chandler Fields,195,70,QB,83,70.94000244140625,3,2.563999891281128,182.8000030517578,117,7,5.982999801635742,914,11,7.811999797821045
4429620,Justin,Fomby,Justin Fomby,Justin Fomby,195,75,QB,15,83.33300018310547,0,0,39.5,18,1,5.556000232696533,158,2,8.7779998779296875
4429801,Tucker,Gleason,Tucker Gleason,Tucker Gleason,235,75,QB,14,66.66699981689453,0,0,66.33333587646484,21,4,19.04800033569336,199,1,9.47599983215332
4429847,Garrett,Greene,Garrett Greene,Garrett Greene,202,71,QB,135,53.150001525878906,4,1.5750000476837158,198,254,15,5.906000137329102,2178,4,8.574999809265137
4429955,Will,Howard,Will Howard,Will Howard,242,77,QB,219,61.345001220703125,10,2.8010001182556152,220.25,357,24,6.7230000495910645,2643,16,7.4029998779296875
4430016,Nate,Lamb,Nate Lamb,Nate Lamb,220,76,QB,2,33.33300018310547,0,0,4,6,0,0,20,1,3.3329999446868896
4430033,Cooper,Legas,Cooper Legas,Cooper Legas,215,73,QB,138,64.78900146484375,8,3.75600004196167,201.6666717529297,213,19,8.920000076293945,1815,20,8.520999908447266
4430431,Kurtis,Rourke,Kurtis Rourke,Kurtis Rourke,231,77,QB,195,63.518001556396484,5,1.628999948501587,200.63636779785156,307,11,3.5829999446868896,2207,14,7.189000129699707
4430457,Gavin,Screws,Gavin Screws,Gavin Screws,205,73,QB,15,50,2,6.666999816894531,43.66666793823242,30,0,0,131,4,4.367000102996826
4430590,Payton,Thorne,Payton Thorne,Payton Thorne,203,74,QB,149,62.60499954223633,9,3.7820000648498535,139.25,238,15,6.302999973297119,1671,28,7.020999908447266
4430686,Grant,Wells,Grant Wells,Grant Wells,212,74,QB,38,55.071998596191406,2,2.8989999294281006,104.19999694824219,69,5,7.245999813079834,521,3,7.551000118255615
4430699,Jack,Salopek,Jack Salopek,Jack Salopek,186,75,QB,42,66.66699981689453,2,3.174999952316284,63.20000076293945,63,1,1.5870000123977661,316,5,5.015999794006348
4430775,Hayden,Wolff,Hayden Wolff,Hayden Wolff,235,77,QB,148,65.48699951171875,5,2.2119998931884766,188.125,226,8,3.5399999618530273,1505,18,6.658999919891357
4430829,Michael,Alaimo,Michael Alaimo,Michael Alaimo,225,76,QB,79,54.861000061035156,4,2.7780001163482666,116.5,144,2,1.3890000581741333,932,27,6.4720001220703125
4430836,Chubba,Purdy,Chubba Purdy,Chubba Purdy,210,74,QB,31,54.38600158691406,3,5.263000011444092,76.4000015258789,57,2,3.509000062942505,382,5,6.702000141143799
4430841,Carson,Beck,Carson Beck,Carson Beck,220,76,QB,289,72.430999755859375,6,1.503999948501587,287.5384521484375,399,22,5.513999938964844,3738,10,9.368000030517578
4430865,Jay,Butterfield,Jay Butterfield,Jay Butterfield,223,78,QB,7,63.63600158691406,0,0,40,11,1,9.090999603271484,80,1,7.2729997634887695
4430912,Malakai,Anthony,Malakai Anthony,Malakai Anthony,220,74,QB,49,48.51499938964844,2,1.9800000190734863,113.57142639160156,101,8,7.921000003814697,795,7,7.870999813079834
4431091,Ben,Finley,Ben Finley,Ben Finley,195,75,QB,54,57.446998596191406,4,4.255000114440918,95.33333587646484,94,3,3.190999984741211,572,3,6.085000038146973
4431246,Baron,May,Baron May,Baron May,200,72,QB,14,51.85200119018555,1,3.7039999961853027,67,27,2,7.4070000648498535,201,7,7.443999767303467
4431302,Ricky,Ortega,Ricky Ortega,Ricky Ortega,185,70,QB,20,47.61899948120117,1,2.38100004196167,27.55555534362793,42,1,2.38100004196167,248,2,5.90500020980835
4431325,Taylen,Green,Taylen Green,Taylen Green,221,78,QB,121,57.07500076293945,9,4.244999885559082,134.76922607421875,212,11,5.189000129699707,1752,8,8.263999938964844
4431375,Ken,Seals,Ken Seals,Ken Seals,220,75,QB,105,58.659000396728516,4,2.234999895095825,118.30000305175781,179,11,6.144999980926514,1183,13,6.609000205993652
4431387,Evan,Simon,Evan Simon,Evan Simon,205,75,QB,2,66.66699981689453,0,0,30,3,1,33.33300018310547,30,0,10
4431397,Logan,Smothers,Logan Smothers,Logan Smothers,200,74,QB,60,55.555999755859375,3,2.7780001163482666,59.54545593261719,108,6,5.556000232696533,655,6,6.065000057220459
4431416,Kiael,Kelly,Kiael Kelly,Kiael Kelly,210,74,QB,66,53.22600173950195,3,2.4189999103546143,48.08333206176758,124,2,1.6130000352859497,577,9,4.6529998779296875
4431452,Drake,Maye,Drake Maye,Drake Maye,230,76,QB,269,63.29399871826172,9,2.118000030517578,300.6666564941406,425,24,5.646999835968018,3608,29,8.48900032043457
4431465,Behren,Morton,Behren Morton,Behren Morton,215,74,QB,155,62,7,2.799999952316284,166.44444274902344,250,12,4.800000190734863,1498,14,5.992000102996826
4431513,Tyler,Buchner,Tyler Buchner,Tyler Buchner,215,73,QB,8,42.10499954223633,0,0,30.5,19,0,0,61,0,3.2109999656677246
4431565,Walter,Simmons III,Walter Simmons III,Walter Simmons III,195,74,QB,64,50.39400100708008,4,3.1500000953674316,55.11111068725586,127,2,1.5750000476837158,496,16,3.9059998989105225
4431574,Eli,Stowers,Eli Stowers,Eli Stowers,225,76,QB,4,50,0,0,7.615384578704834,8,1,12.5,99,0,12.375
4431580,Miller,Moss,Miller Moss,Miller Moss,200,74,QB,23,71.875,0,0,103,32,1,3.125,309,0,9.656000137329102
4431611,Caleb,Williams,Caleb Williams,Caleb Williams,215,73,QB,266,68.55699920654297,5,1.2890000343322754,302.75,388,30,7.73199987411499,3633,33,9.36299991607666
4431633,Goose,Crowder,Goose Crowder,Goose Crowder,214,74,QB,9,69.23100280761719,0,0,31.33333396911621,13,1,7.691999912261963,94,1,7.230999946594238
4431948,TJ,Finley,TJ Finley,TJ Finley,255,79,QB,264,68.57099914550781,8,2.078000068664551,273.9166564941406,385,24,6.234000205993652,3287,27,8.538000106811523
4431976,Dustin,Fletcher,Dustin Fletcher,Dustin Fletcher,219,75,QB,22,61.111000061035156,1,2.7780001163482666,70.33333587646484,36,1,2.7780001163482666,211,1,5.861000061035156
4432138,Mason,Garcia,Mason Garcia,Mason Garcia,249,77,QB,48,50.5260009765625,2,2.1050000190734863,58.28571319580078,95,1,1.0529999732971191,408,3,4.295000076293945
4432232,Jackson,Hardy,Jackson Hardy,Jackson Hardy,224,76,QB,8,47.058998107910156,3,17.64699935913086,24,17,2,11.765000343322754,96,2,5.646999835968018
4432289,Collin,Ironside,Collin Ironside,Collin Ironside,205,74,QB,134,61.750999450683594,6,2.765000104904175,177,217,4,1.843000054359436,1416,22,6.525000095367432
4432556,Kody,Sparks,Kody Sparks,Kody Sparks,220,77,QB,7,63.63600158691406,1,9.090999603271484,22.5,11,1,9.090999603271484,90,0,8.182000160217285
4432612,Christian,Veilleux,Christian Veilleux,Christian Veilleux,220,76,QB,94,51.08700180053711,8,4.3480000495910645,168.42857360839844,184,7,3.803999900817871,1179,7,6.4079999923706055
4432690,Dematrius,Davis,Dematrius Davis,Dematrius Davis,202,71,QB,42,68.85199737548828,3,4.918000221252441,82.5999984741211,61,3,4.918000221252441,413,7,6.769999980926514
4432691,Carlos,Del Rio-Wilson,Carlos Del Rio-Wilson,Carlos Del Rio-Wilson,222,74,QB,26,50.97999954223633,6,11.765000343322754,40.28571319580078,51,3,5.881999969482422,282,3,5.5289998054504395
4432722,Athan,Kaliakmanis,Athan Kaliakmanis,Athan Kaliakmanis,210,76,QB,156,53.06100082397461,9,3.061000108718872,153.1666717529297,294,14,4.76200008392334,1838,21,6.251999855041504
4432733,Clay,Millen,Clay Millen,Clay Millen,210,75,QB,15,62.5,1,4.166999816894531,110,24,0,0,110,1,4.583000183105469
4432734,Jalen,Milroe,Jalen Milroe,Jalen Milroe,220,74,QB,171,65.516998291015625,6,2.2990000247955322,226.5,261,23,8.812000274658203,2718,38,10.413999557495117
4432759,Sawyer,Robertson,Sawyer Robertson,Sawyer Robertson,218,76,QB,66,56.40999984741211,4,3.4189999103546143,144,117,2,1.7089999914169312,864,9,7.385000228881836
4432762,Shedeur,Sanders,Shedeur Sanders,Shedeur Sanders,215,74,QB,298,69.302001953125,3,0.6980000138282776,293.6363525390625,430,27,6.2789998054504395,3230,52,7.51200008392334
4432767,Preston,Stone,Preston Stone,Preston Stone,219,73,QB,206,59.88399887084961,6,1.74399995803833,266.4166564941406,344,28,8.140000343322754,3197,12,9.293999671936035
4432774,Ty,Thompson,Ty Thompson,Ty Thompson,220,76,QB,24,77.41899871826172,1,3.2260000705718994,49.5,31,4,12.902999877929688,297,0,9.581000328063965
4432782,Brock,Vandagriff,Brock Vandagriff,Brock Vandagriff,210,75,QB,12,66.66699981689453,0,0,23.571428298950195,18,2,11.111000061035156,165,1,9.166999816894531
4432803,Kaidon,Salter,Kaidon Salter,Kaidon Salter,200,73,QB,162,60.902000427246094,5,1.8799999952316284,211.53846740722656,266,31,11.654000282287598,2750,9,10.338000297546387
4433824,Hank,Gibbs,Hank Gibbs,Hank Gibbs,240,77,QB,5,33.33300018310547,0,0,24.799999237060547,15,1,6.666999816894531,124,3,8.267000198364258
4433829,Mitch,Griffis,Mitch Griffis,Mitch Griffis,193,71,QB,124,59.90299987792969,7,3.381999969482422,172.55555725097656,207,9,4.3480000495910645,1553,35,7.501999855041504
4433886,Tate,Rodemaker,Tate Rodemaker,Tate Rodemaker,196,76,QB,32,57.143001556396484,0,0,72.85713958740234,56,5,8.928999900817871,510,5,9.107000350952148
4433932,Mike,Wright,Mike Wright,Mike Wright,195,76,QB,48,56.47100067138672,3,3.5290000438690186,37.75,85,3,3.5290000438690186,453,5,5.328999996185303
4433969,Timmy,McClain,Timmy McClain,Timmy McClain,196,73,QB,63,64.28600311279297,2,2.0409998893737793,168,98,9,9.184000015258789,1008,10,10.28600025177002
4433970,J.J.,McCarthy,J.J. McCarthy,J.J. McCarthy,202,75,QB,213,74.21600341796875,4,1.3940000534057617,202.3076934814453,287,19,6.619999885559082,2630,18,9.163999557495117
4433971,Kyle,McCord,Kyle McCord,Kyle McCord,215,75,QB,229,65.80500030517578,6,1.7239999771118164,264.1666564941406,348,24,6.896999835968018,3170,16,9.109000205993652
4565315,Blake,Shapen,Blake Shapen,Blake Shapen,205,72,QB,184,61.744998931884766,3,1.0069999694824219,273.5,298,13,4.361999988555908,2188,25,7.3420000076293945
4565552,Deacon,Hill,Deacon Hill,Deacon Hill,258,75,QB,115,49.35599899291992,6,2.575000047683716,91.33333587646484,233,5,2.1459999084472656,1096,20,4.703999996185303
4566381,Casey,Case,Casey Case,Casey Case,222,78,QB,145,54.92399978637695,10,3.7880001068115234,190.55555725097656,264,10,3.7880001068115234,1715,15,6.495999813079834
4567031,Michael,Kern,Michael Kern,Michael Kern,192,74,QB,57,61.957000732421875,2,2.1740000247955322,161.75,92,4,4.3480000495910645,647,11,7.0329999923706055
4567097,Taulia,Tagovailoa,Taulia Tagovailoa,Taulia Tagovailoa,208,71,QB,290,66.36199951171875,11,2.5169999599456787,281.4166564941406,437,25,5.7210001945495605,3377,27,7.728000164031982
4567102,Paul,Tyson,Paul Tyson,Paul Tyson,215,76,QB,3,75,0,0,21,4,1,25,42,0,10.5
4567149,KJ,Jefferson,KJ Jefferson,KJ Jefferson,247,75,QB,190,64.18900299072266,8,2.703000068664551,175.5833282470703,296,19,6.419000148773193,2107,42,7.118000030517578
4567241,Kinkead,Dent,Kinkead Dent,Kinkead Dent,205,76,QB,192,54.23699951171875,8,2.259999990463257,209.4545440673828,354,25,7.061999797821045,2304,12,6.507999897003174
4567461,Alex,Flinn,Alex Flinn,Alex Flinn,233,73,QB,159,54.827999114990234,12,4.138000011444092,129.8333282470703,290,6,2.069000005722046,1558,28,5.372000217437744
4567707,Grayson,James,Grayson James,Grayson James,235,75,QB,19,51.35100173950195,1,2.703000068664551,72.66666412353516,37,1,2.703000068664551,218,6,5.892000198364258
4567747,Garrett,Nussmeier,Garrett Nussmeier,Garrett Nussmeier,205,74,QB,17,51.51499938964844,0,0,39.20000076293945,33,1,3.0299999713897705,196,0,5.939000129699707
4567748,Sam,Huard,Sam Huard,Sam Huard,200,74,QB,185,60.85499954223633,10,3.2890000343322754,245,304,18,5.921000003814697,2205,12,7.252999782562256
4568411,Cornelious,Brown IV,Cornelious Brown IV,Cornelious Brown IV,210,77,QB,7,58.33300018310547,1,8.333000183105469,12.666666984558105,12,0,0,38,1,3.1670000553131104
4569119,Chris,Herron,Chris Herron,Chris Herron,208,74,WR,0,0,1,33.33300018310547,0,3,0,0,0,0,0
4569184,Trenton,Bourguet,Trenton Bourguet,Trenton Bourguet,190,72,QB,151,60.887001037597656,4,1.6130000352859497,185.75,248,1,0.40299999713897705,1486,6,5.992000102996826
4569414,Chase,Artopoeus,Chase Artopoeus,Chase Artopoeus,208,74,QB,187,62.75199890136719,7,2.3489999771118164,267.20001220703125,298,20,6.710999965667725,2672,16,8.965999603271484
4569535,Jacob,Clark,Jacob Clark,Jacob Clark,217,77,QB,66,62.856998443603516,2,1.9049999713897705,254.5,105,10,9.52400016784668,1018,5,9.694999694824219
4569598,Dylan,Morris,Dylan Morris,Dylan Morris,197,72,QB,9,64.28600311279297,1,7.14300012588501,56,14,1,7.14300012588501,224,0,16
4569628,Aaron,Angelos,Aaron Angelos,Aaron Angelos,194,NA,QB,52,56.52199935913086,2,2.1740000247955322,74.14286041259766,92,3,3.260999917984009,519,11,5.640999794006348
4570057,Cole,Snyder,Cole Snyder,Cole Snyder,208,74,QB,203,54.56999969482422,9,2.4189999103546143,175.75,372,13,3.494999885559082,2109,17,5.669000148773193
4570088,Connor,Genal,Connor Genal,Connor Genal,215,77,QB,3,50,1,16.66699981689453,9.5,6,0,0,19,1,3.1670000553131104
4570259,Daniel,Richardson,Daniel Richardson,Daniel Richardson,205,70,QB,208,65.40899658203125,10,3.1449999809265137,181.90908813476562,318,13,4.0879998207092285,2001,25,6.291999816894531
4570554,Chandler,Rogers,Chandler Rogers,Chandler Rogers,195,72,QB,262,62.233001708984375,5,1.187999963760376,281.8333435058594,421,29,6.888000011444092,3382,33,8.032999992370605
4570743,Santino,Marucci,Santino Marucci,Santino Marucci,217,73,QB,12,57.143001556396484,2,9.52400016784668,75.5,21,1,4.76200008392334,151,3,7.190000057220459
4570905,Kris,Brown,Kris Brown,Kris Brown,216,76,QB,0,0,0,0,0,2,0,0,0,0,0
4571184,Justin,Miller,Justin Miller,Justin Miller,210,75,QB,210,59.659000396728516,9,2.556999921798706,229.72727966308594,352,28,7.954999923706055,2527,9,7.178999900817871
4571272,Nick,Howard,Nick Howard,Nick Howard,225,74,QB,33,49.25400161743164,3,4.478000164031982,30.200000762939453,67,1,1.4930000305175781,302,1,4.506999969482422
4571293,Miles,Hastings,Miles Hastings,Miles Hastings,189,73,QB,230,63.361000061035156,10,2.755000114440918,215.27272033691406,363,14,3.8570001125335693,2368,9,6.5229997634887695
4571339,Brock,Domann,Brock Domann,Brock Domann,225,74,QB,5,100,0,0,14.666666984558105,5,0,0,44,0,8.800000190734863
4571364,Hajj-Malik,Williams,Hajj-Malik Williams,Hajj-Malik Williams,205,72,QB,232,70.516998291015625,8,2.431999921798706,236.72727966308594,329,19,5.775000095367432,2604,25,7.914999961853027
4571366,Charlie,Dean,Charlie Dean,Charlie Dean,205,73,QB,15,65.21700286865234,3,13.043000221252441,98,23,0,0,98,0,4.261000156402588
4571721,Pierce,Holley,Pierce Holley,Pierce Holley,215,74,QB,239,60.81399917602539,7,1.781000018119812,247.5454559326172,393,17,4.326000213623047,2723,35,6.928999900817871
4571819,Keegan,Shoemaker,Keegan Shoemaker,Keegan Shoemaker,210,75,QB,264,63.00699996948242,11,2.625,227.90908813476562,419,15,3.5799999237060547,2507,17,5.982999801635742
4573398,Max,Brosmer,Max Brosmer,Max Brosmer,217,74,QB,291,63.95600128173828,6,1.319000005722046,314.4545593261719,455,29,6.374000072479248,3459,16,7.6020002365112305
4573455,Darius,Perrantes,Darius Perrantes,Darius Perrantes,220,72,QB,131,49.810001373291016,18,6.843999862670898,193.6666717529297,263,21,7.985000133514404,2324,14,8.836999893188477
4573600,Zachary,Clement,Zachary Clement,Zachary Clement,220,72,QB,104,60.46500015258789,5,2.9070000648498535,107,172,9,5.232999801635742,1177,6,6.8429999351501465
4573680,Nolan,Grooms,Nolan Grooms,Nolan Grooms,188,74,QB,161,64.4000015258789,8,3.200000047683716,186.3000030517578,250,22,8.800000190734863,1863,21,7.452000141143799
4573878,Jonathan,Murphy,Jonathan Murphy,Jonathan Murphy,190,72,QB,85,53.797000885009766,3,1.8990000486373901,148.75,158,8,5.063000202178955,1190,15,7.5320000648498535
4573913,Bret,Bushka,Bret Bushka,Bret Bushka,205,70,QB,173,62.909000396728516,6,2.181999921798706,162.63636779785156,275,14,5.091000080108643,1789,17,6.505000114440918
4574024,Rob,McCoy,Rob McCoy,Rob McCoy,190,73,QB,105,54.124000549316406,5,2.5769999027252197,129.125,194,3,1.5460000038146973,1033,10,5.324999809265137
4574106,Matt,O'Connor,Matt O'Connor,Matt O'Connor,205,74,QB,103,54.7869987487793,7,3.7230000495910645,135.6999969482422,188,6,3.190999984741211,1357,12,7.2179999351501465
4574356,Tyler,Huff,Tyler Huff,Tyler Huff,208,73,QB,183,61.20399856567383,6,2.006999969482422,169.36363220214844,299,10,3.3440001010894775,1863,17,6.230999946594238
4574423,Cole,Dow,Cole Dow,Cole Dow,208,73,QB,36,47.36800003051758,7,9.211000442504883,31.100000381469727,76,6,7.894999980926514,311,3,4.0920000076293945
4574790,Harold,Blood,Harold Blood,Harold Blood,180,74,QB,150,57.915000915527344,11,4.247000217437744,190.10000610351562,259,13,5.019000053405762,1901,32,7.340000152587891
4574809,Jalon,Jones,Jalon Jones,Jalon Jones,205,75,QB,67,61.46799850463867,4,3.6700000762939453,64.5999984741211,109,2,1.8350000381469727,646,13,5.927000045776367
4575668,Gavin,Hardison,Gavin Hardison,Gavin Hardison,215,75,QB,73,56.5890007019043,7,5.426000118255615,189.39999389648438,129,5,3.875999927520752,947,14,7.341000080108643
4575909,Roman,Fuller,Roman Fuller,Roman Fuller,206,76,QB,20,66.66699981689453,3,10,40.33333206176758,30,2,6.666999816894531,121,1,4.0329999923706055
4576064,Davius,Richard,Davius Richard,Davius Richard,215,75,QB,166,60.805999755859375,4,1.465000033378601,197.90908813476562,273,21,7.691999912261963,2177,12,7.973999977111816
4576127,Haden,Carlson,Haden Carlson,Haden Carlson,215,75,QB,7,58.33300018310547,0,0,40,12,0,0,120,3,10
4576189,Aveon,Smith,Aveon Smith,Aveon Smith,210,73,QB,48,50,2,2.0829999446868896,70.888885498046875,96,2,2.0829999446868896,638,7,6.645999908447266
4577440,Grant,Sergent,Grant Sergent,Grant Sergent,212,74,QB,65,61.904998779296875,2,1.9049999713897705,223.25,105,7,6.666999816894531,893,14,8.505000114440918
4577478,Tyler,Riddell,Tyler Riddell,Tyler Riddell,183,72,QB,21,45.652000427246094,2,4.3480000495910645,80.33333587646484,46,1,2.1740000247955322,241,3,5.238999843597412
4577580,Gino,English,Gino English,Gino English,195,73,QB,6,40,0,0,5.875,15,1,6.666999816894531,47,3,3.132999897003174
4577962,Camden,Orth,Camden Orth,Camden Orth,225,75,QB,39,57.35300064086914,5,7.353000164031982,44.181819915771484,68,5,7.353000164031982,486,4,7.146999835968018
4578236,Jared,Lewis,Jared Lewis,Jared Lewis,210,75,QB,4,25,0,0,23.5,16,0,0,47,2,2.937999963760376
4578237,Tylik,Bethea,Tylik Bethea,Tylik Bethea,225,78,QB,38,51.35100173950195,2,2.703000068664551,61.5,74,2,2.703000068664551,369,8,4.986000061035156
4579073,Tommy,Schuster,Tommy Schuster,Tommy Schuster,195,72,QB,206,70.5479965209961,5,1.7120000123977661,186.5,292,19,6.506999969482422,2238,23,7.664000034332275
4579549,Quinton,Williams,Quinton Williams,Quinton Williams,205,77,QB,178,59.731998443603516,4,1.3420000076293945,196.18182373046875,298,16,5.36899995803833,2158,18,7.242000102996826
4580590,Zac,Larrier,Zac Larrier,Zac Larrier,195,72,QB,37,59.676998138427734,2,3.2260000705718994,74.4000015258789,62,6,9.677000045776367,744,7,12
4587700,Dominique,Anthony,Dominique Anthony,Dominique Anthony,213,73,QB,57,53.77399826049805,3,2.8299999237060547,76,106,3,2.8299999237060547,532,3,5.019000053405762
4587721,Daniel,Greek,Daniel Greek,Daniel Greek,225,77,QB,6,60,0,0,6.333333492279053,10,0,0,19,1,1.899999976158142
4590294,Brady,Lichtenberg,Brady Lichtenberg,Brady Lichtenberg,208,73,QB,19,55.88199996948242,1,2.940999984741211,36,34,2,5.881999969482422,252,2,7.4120001792907715
4592531,Ari,Patu,Ari Patu,Ari Patu,216,76,QB,3,50,0,0,37,6,0,0,37,0,6.166999816894531
4592532,Billy,Edwards Jr.,Billy Edwards Jr.,Billy Edwards Jr.,219,76,QB,4,40,1,10,0.3333333432674408,10,0,0,2,0,0.20000000298023224
4596472,Jalon,Daniels,Jalon Daniels,Jalon Daniels,215,72,QB,56,74.66699981689453,1,1.3329999446868896,235,75,5,6.666999816894531,705,5,9.399999618530273
4597247,Austin,Smith,Austin Smith,Austin Smith,218,74,QB,171,57.382999420166016,7,2.3489999771118164,147.9166717529297,298,9,3.0199999809265137,1775,30,5.955999851226807
4597499,Mikey,Keene,Mikey Keene,Mikey Keene,198,71,QB,252,65.7959976196289,9,2.3499999046325684,236,383,21,5.482999801635742,2596,19,6.7779998779296875
4597679,Luke,Altmyer,Luke Altmyer,Luke Altmyer,200,74,QB,175,64.81500244140625,10,3.7039999961853027,209.22222900390625,270,13,4.815000057220459,1883,34,6.973999977111816
4600403,Braylon,Braxton,Braylon Braxton,Braylon Braxton,222,75,QB,22,44,6,12,35.33333206176758,50,2,4,212,5,4.239999771118164
4602923,Jaylen,Henderson,Jaylen Henderson,Jaylen Henderson,220,75,QB,52,67.53199768066406,2,2.5969998836517334,176,77,6,7.791999816894531,704,10,9.142999649047852
4602937,Colten,Gauthier,Colten Gauthier,Colten Gauthier,208,75,QB,1,50,0,0,15,2,0,0,15,0,7.5
4605998,Logan,Fife,Logan Fife,Logan Fife,205,72,QB,52,57.143001556396484,2,2.197999954223633,80.25,91,3,3.296999931335449,642,11,7.054999828338623
4606194,Seth,Henigan,Seth Henigan,Seth Henigan,210,75,QB,294,66.51599884033203,9,2.0360000133514404,293.25,442,28,6.335000038146973,3519,19,7.961999893188477
4607891,Ryan,Stubblefield,Ryan Stubblefield,Ryan Stubblefield,205,70,QB,11,61.111000061035156,0,0,29.66666603088379,18,0,0,89,0,4.943999767303467
4608823,Grady,Robison,Grady Robison,Grady Robison,200,72,QB,4,66.66699981689453,0,0,11.222222328186035,6,1,16.66699981689453,101,0,16.83300018310547
4610131,Parker,Navarro,Parker Navarro,Parker Navarro,203,72,QB,7,70,1,10,21.66666603088379,10,2,20,65,0,6.5
4611991,Cooper,Justice,Cooper Justice,Cooper Justice,230,79,QB,27,45,3,5,69.80000305175781,60,2,3.3329999446868896,349,6,5.816999912261963
4612078,Jacobian,Morgan,Jacobian Morgan,Jacobian Morgan,227,76,QB,83,67.4800033569336,1,0.8130000233650208,141.1666717529297,123,10,8.130000114440918,847,9,6.886000156402588
4618083,Ethan,Hampton,Ethan Hampton,Ethan Hampton,216,75,QB,19,57.57600021362305,2,6.060999870300293,49,33,2,6.060999870300293,147,0,4.454999923706055
4643625,Kai,Millner,Kai Millner,Kai Millner,215,74,QB,38,59.375,1,1.562999963760376,151.6666717529297,64,2,3.125,455,4,7.109000205993652
4678010,Kyron,Drones,Kyron Drones,Kyron Drones,231,74,QB,153,57.95500183105469,3,1.1360000371932983,166.0833282470703,264,15,5.682000160217285,1993,20,7.548999786376953
4682518,Nicholas,Vattiato,Nicholas Vattiato,Nicholas Vattiato,196,73,QB,286,66.8219985961914,13,3.0369999408721924,257.6666564941406,428,23,5.374000072479248,3092,32,7.223999977111816
4682565,Tyler,Macon,Tyler Macon,Tyler Macon,198,72,QB,2,15.385000228881836,2,15.385000228881836,6.199999809265137,13,0,0,31,0,2.384999990463257
4682642,DC,Tabscott,DC Tabscott,DC Tabscott,206,76,QB,1,20,1,20,5.333333492279053,5,0,0,16,0,3.200000047683716
4682649,Conor,Easthope,Conor Easthope,Conor Easthope,201,74,QB,0,0,0,0,0,2,0,0,0,0,0
4682688,Kaiya,Sheron,Kaiya Sheron,Kaiya Sheron,210,75,QB,2,50,0,0,1.6666666269302368,4,0,0,5,0,1.25
4682787,Quayde,Hawkins,Quayde Hawkins,Quayde Hawkins,205,73,QB,7,26.92300033569336,1,3.8459999561309814,12.5,26,1,3.8459999561309814,75,1,2.884999990463257
4682927,Billy,Wiles,Billy Wiles,Billy Wiles,200,75,QB,162,53.82099914550781,7,2.3259999752044678,176.36363220214844,301,11,3.6540000438690186,1940,20,6.445000171661377
4683012,Eddie Lee,Marburger,Eddie Lee Marburger,Eddie Lee Marburger,205,73,QB,29,61.70199966430664,1,2.128000020980835,100,47,3,6.382999897003174,300,4,6.382999897003174
4683058,Brendan,Sullivan,Brendan Sullivan,Brendan Sullivan,225,75,QB,63,63.63600158691406,2,2.0199999809265137,102,99,6,6.060999870300293,714,24,7.211999893188477
4683182,Nate,Yarnell,Nate Yarnell,Nate Yarnell,215,78,QB,41,66.128997802734375,1,1.6130000352859497,148.75,62,4,6.452000141143799,595,4,9.5970001220703125
4683218,Zy,McDonald,Zy McDonald,Zy McDonald,185,72,QB,18,72,0,0,36.66666793823242,25,3,12,220,4,8.800000190734863
4683263,Heinrich,Haarberg,Heinrich Haarberg,Heinrich Haarberg,215,77,QB,77,49.04499816894531,7,4.459000110626221,96.69999694824219,157,7,4.459000110626221,967,20,6.158999919891357
4683311,Sam,Vidlak,Sam Vidlak,Sam Vidlak,201,73,QB,56,62.92100143432617,4,4.49399995803833,94.33333587646484,89,3,3.371000051498413,566,12,6.360000133514404
4683423,Riley,Leonard,Riley Leonard,Riley Leonard,212,76,QB,95,57.57600021362305,3,1.8179999589920044,157.42857360839844,165,3,1.8179999589920044,1102,7,6.678999900817871
4683471,Brady,Olson,Brady Olson,Brady Olson,200,75,QB,0,0,1,33.33300018310547,0,3,0,0,0,0,0
4683501,Emmett,Morehead,Emmett Morehead,Emmett Morehead,235,77,QB,15,50,0,0,31,30,0,0,124,0,4.132999897003174
4683792,Evan,Olaes,Evan Olaes,Evan Olaes,205,72,QB,3,27.273000717163086,3,27.273000717163086,3.5,11,0,0,21,3,1.909000039100647
4683912,Hunter,Herring,Hunter Herring,Hunter Herring,228,76,QB,16,53.33300018310547,0,0,60.5,30,1,3.3329999446868896,121,1,4.0329999923706055
4684003,Tahj,Bullock,Tahj Bullock,Tahj Bullock,230,75,QB,32,48.48500061035156,3,4.545000076293945,27.100000381469727,66,3,4.545000076293945,271,10,4.105999946594238
4684278,Jakolby,Longino,Jakolby Longino,Jakolby Longino,195,75,QB,2,33.33300018310547,1,16.66699981689453,6.25,6,0,0,25,0,4.166999816894531
4684502,Justin,Lamson,Justin Lamson,Justin Lamson,215,74,QB,38,43.18199920654297,2,2.2730000019073486,45.818180084228516,88,0,0,504,14,5.7270002365112305
4685039,Michael,Pratt,Michael Pratt,Michael Pratt,220,75,QB,185,65.371002197265625,5,1.7669999599456787,218.72727966308594,283,22,7.77400016784668,2406,20,8.501999855041504
4685186,Tyler,Van Dyke,Tyler Van Dyke,Tyler Van Dyke,230,76,QB,219,65.76599884033203,12,3.6040000915527344,245.72727966308594,333,19,5.705999851226807,2703,10,8.116999626159668
4685190,Matthew,Cavallaro,Matthew Cavallaro,Matthew Cavallaro,195,70,QB,7,63.63600158691406,1,9.090999603271484,45,11,1,9.090999603271484,90,1,8.182000160217285
4685202,Beau,Nelson,Beau Nelson,Beau Nelson,207,74,QB,1,20,0,0,8,5,0,0,8,0,1.600000023841858
4685252,Henry,Belin IV,Henry Belin IV,Henry Belin IV,210,75,QB,13,50,1,3.8459999561309814,58,26,3,11.538000106811523,232,2,8.92300033569336
4685311,Jayden,Denegal,Jayden Denegal,Jayden Denegal,235,77,QB,4,80,0,0,12.5,5,1,20,50,0,10
4685345,JC,French,JC French,JC French,220,73,QB,13,81.25,1,6.25,12.199999809265137,16,1,6.25,122,3,7.625
4685391,Walker,Howard,Walker Howard,Walker Howard,195,73,QB,3,75,0,0,56,4,0,0,56,0,14
4685401,Josh,Hoover,Josh Hoover,Josh Hoover,196,73,QB,185,62.08100128173828,9,3.0199999809265137,245.11111450195312,298,15,5.033999919891357,2206,8,7.4029998779296875
4685404,Sam,Horn,Sam Horn,Sam Horn,219,76,QB,3,50,1,16.66699981689453,27,6,1,16.66699981689453,54,0,9
4685413,Cade,Klubnik,Cade Klubnik,Cade Klubnik,205,74,QB,260,62.95399856567383,8,1.937000036239624,215,413,19,4.599999904632568,2580,20,6.247000217437744
4685454,Jayden,Maiava,Jayden Maiava,Jayden Maiava,220,76,QB,200,62.893001556396484,8,2.5160000324249268,214.92308044433594,318,14,4.4029998779296875,2794,10,8.78600025177002
4685459,Nicco,Marchiol,Nicco Marchiol,Nicco Marchiol,224,73,QB,30,56.604000091552734,3,5.659999847412109,30.875,53,2,3.7739999294281006,247,5,4.659999847412109
4685488,MJ,Morris,MJ Morris,MJ Morris,205,74,QB,63,55.75199890136719,5,4.425000190734863,179.75,113,7,6.195000171661377,719,9,6.36299991607666
4685497,Maalik,Murphy,Maalik Murphy,Maalik Murphy,238,77,QB,40,56.3380012512207,3,4.224999904632568,79.5,71,3,4.224999904632568,477,1,6.7179999351501465
4685521,Garret,Rangel,Garret Rangel,Garret Rangel,189,74,QB,17,53.125,1,3.125,43,32,2,6.25,172,1,5.375
4685522,Ty,Simpson,Ty Simpson,Ty Simpson,203,74,QB,11,55,0,0,29.83333396911621,20,0,0,179,5,8.949999809265137
4685574,Conner,Weigman,Conner Weigman,Conner Weigman,215,75,QB,82,68.90799713134766,2,1.680999994277954,244.75,119,8,6.7230000495910645,979,3,8.22700023651123
4685578,Gunner,Stockton,Gunner Stockton,Gunner Stockton,215,73,QB,6,66.66699981689453,1,11.111000061035156,17.33333396911621,9,0,0,52,1,5.7779998779296875
4685693,Devin,Kargman,Devin Kargman,Devin Kargman,217,75,QB,21,51.220001220703125,0,0,101.66666412353516,41,2,4.877999782562256,305,5,7.439000129699707
4685694,Steve,Angeli,Steve Angeli,Steve Angeli,211,74,QB,19,76,1,4,45.33333206176758,25,4,16,272,0,10.880000114440918
4685696,Beau,Pribula,Beau Pribula,Beau Pribula,206,74,QB,10,50,0,0,10.100000381469727,20,3,15,101,1,5.050000190734863
4685697,Zion,Turner,Zion Turner,Zion Turner,203,72,QB,2,40,0,0,4,5,0,0,8,0,1.600000023841858
4685740,Max,Johnson,Max Johnson,Max Johnson,230,78,QB,118,62.10499954223633,5,2.631999969482422,181.5,190,9,4.736999988555908,1452,14,7.642000198364258
4686096,Hunter,Helms,Hunter Helms,Hunter Helms,210,74,QB,9,75,0,0,27.66666603088379,12,0,0,83,0,6.916999816894531
4686164,Tai,Lavatai,Tai Lavatai,Tai Lavatai,221,74,QB,56,55.44599914550781,2,1.9800000190734863,87.625,101,5,4.949999809265137,701,7,6.940999984741211
4686167,Xavier,Arline,Xavier Arline,Xavier Arline,176,69,QB,23,52.27299880981445,2,4.545000076293945,40,44,2,4.545000076293945,320,7,7.2729997634887695
4686425,Hayes,Gibson,Hayes Gibson,Hayes Gibson,199,75,QB,21,45.652000427246094,1,2.1740000247955322,61.75,46,0,0,247,7,5.369999885559082
4686788,CJ,Harris,CJ Harris,CJ Harris,220,76,QB,25,51.02000045776367,3,6.122000217437744,124,49,2,4.081999778747559,248,2,5.060999870300293
4688380,Cameron,Ward,Cameron Ward,Cameron Ward,223,74,QB,323,66.5979995727539,7,1.4429999589920044,311.25,485,25,5.15500020980835,3735,39,7.701000213623047
4688540,Treyson,Bourguet,Treyson Bourguet,Treyson Bourguet,215,74,QB,57,55.34000015258789,1,0.9710000157356262,142.60000610351562,103,4,3.882999897003174,713,7,6.921999931335449
4688717,Draylen,Ellis,Draylen Ellis,Draylen Ellis,175,73,QB,101,51.79499816894531,5,2.563999891281128,98.63636016845703,195,6,3.0769999027252197,1085,13,5.564000129699707
4689114,Jaxson,Dart,Jaxson Dart,Jaxson Dart,220,74,QB,208,65.40899658203125,5,1.5720000267028809,248.75,318,20,6.289000034332275,2985,26,9.38700008392334
4689585,Trexler,Ivey,Trexler Ivey,Trexler Ivey,198,72,QB,112,55.172000885009766,10,4.926000118255615,126.30000305175781,203,4,1.9700000286102295,1263,16,6.2220001220703125
4689602,Sean,Brown,Sean Brown,Sean Brown,200,74,QB,4,40,0,0,19,10,0,0,38,0,3.799999952316284
4689652,Harrison,Barker,Harrison Barker,Harrison Barker,200,71,QB,6,46.15399932861328,1,7.691999912261963,18.75,13,1,7.691999912261963,75,1,5.769000053405762
4689947,Brian,Garcia,Brian Garcia,Brian Garcia,178,69,QB,1,20,0,0,2.5,5,0,0,10,1,2
4689970,Mike,DiLiello,Mike DiLiello,Mike DiLiello,215,73,QB,242,66.85099792480469,10,2.76200008392334,263.6666564941406,362,28,7.735000133514404,3164,34,8.739999771118164
4690158,Noah,Kim,Noah Kim,Noah Kim,185,74,QB,91,56.875,6,3.75,218,160,6,3.75,1090,5,6.813000202178955
4690161,Andrew,Schorfhaar,Andrew Schorfhaar,Andrew Schorfhaar,190,74,QB,2,100,0,0,-1.5,2,0,0,-3,1,-1.5
4690977,Donovan,Smith,Donovan Smith,Donovan Smith,241,77,QB,256,64.48400115966797,13,3.2750000953674316,233.4166717529297,397,22,5.541999816894531,2801,26,7.054999828338623
4691272,Stone,Earle,Stone Earle,Stone Earle,207,72,QB,22,55,4,10,91.33333587646484,40,4,10,274,5,6.849999904632568
4691745,Graeson,Underwood,Graeson Underwood,Graeson Underwood,225,72,QB,109,49.77199935913086,8,3.6530001163482666,111.81818389892578,219,5,2.2829999923706055,1230,6,5.616000175476074
4692052,Carter,Peevy,Carter Peevy,Carter Peevy,225,75,QB,201,66.33699798583984,5,1.649999976158142,175,303,11,3.630000114440918,2275,33,7.507999897003174
4692530,Chandler,Morris,Chandler Morris,Chandler Morris,190,72,QB,133,65.516998291015625,5,2.4630000591278076,218.85714721679688,203,12,5.910999774932861,1532,11,7.546999931335449
4693331,Cam,Miller,Cam Miller,Cam Miller,213,73,QB,199,73.977996826171875,4,1.4869999885559082,180.7142791748047,269,18,6.690999984741211,2530,12,9.404999732971191
4693793,Jake,Farrell,Jake Farrell,Jake Farrell,225,77,QB,3,37.5,1,12.5,14,8,0,0,14,0,1.75
4693813,Ben,Brittain,Ben Brittain,Ben Brittain,190,73,QB,0,0,2,66.66699981689453,-0.6666666865348816,3,0,0,0,2,0
4693861,Myles,Crawley,Myles Crawley,Myles Crawley,205,75,QB,197,60.06100082397461,8,2.438999891281128,210.18182373046875,328,16,4.877999782562256,2312,13,7.048999786376953
4694023,Nate,Lussier,Nate Lussier,Nate Lussier,220,75,QB,10,76.9229965209961,1,7.691999912261963,13.857142448425293,13,2,15.385000228881836,97,0,7.461999893188477
4694073,Nick,Semptimphelter,Nick Semptimphelter,Nick Semptimphelter,190,73,QB,17,60.7140007019043,0,0,50.5,28,3,10.71399974822998,202,4,7.214000225067139
4694178,Isaiah,Bess,Isaiah Bess,Isaiah Bess,220,76,QB,44,47.82600021362305,1,1.0870000123977661,89.16666412353516,92,4,4.3480000495910645,535,5,5.815000057220459
4694257,Joe,Green,Joe Green,Joe Green,225,76,QB,93,56.02399826049805,3,1.8070000410079956,151,166,4,2.4100000858306885,755,11,4.547999858856201
4694361,Bryce,Corriston,Bryce Corriston,Bryce Corriston,210,73,QB,37,55.2239990234375,0,0,73.19999694824219,67,2,2.984999895095825,366,11,5.4629998207092285
4694389,Luke,Duby,Luke Duby,Luke Duby,222,75,QB,14,73.68399810791016,0,0,39.33333206176758,19,1,5.263000011444092,118,0,6.210999965667725
4694576,Kobe,Tracy,Kobe Tracy,Kobe Tracy,195,76,QB,231,55,12,2.8570001125335693,251.09091186523438,420,19,4.52400016784668,2762,12,6.576000213623047
4694856,Luke,Bailey,Luke Bailey,Luke Bailey,200,74,QB,212,54.922000885009766,9,2.3320000171661377,213.1666717529297,386,16,4.144999980926514,2558,6,6.626999855041504
4694939,Nathan,Kent,Nathan Kent,Nathan Kent,200,74,QB,189,58.33300018310547,6,1.8519999980926514,191.5454559326172,324,14,4.321000099182129,2107,16,6.502999782562256
4695009,Ethan,Roberts,Ethan Roberts,Ethan Roberts,193,74,QB,49,57.64699935913086,6,7.059000015258789,109.25,85,2,2.3529999256134033,437,2,5.140999794006348
4695113,Otto,Kuhns,Otto Kuhns,Otto Kuhns,194,75,QB,96,50.5260009765625,7,3.684000015258789,138.22222900390625,190,12,6.315999984741211,1244,14,6.546999931335449
4695283,Charles,Watson,Charles Watson,Charles Watson,172,68,QB,1,50,0,0,0,2,0,0,0,0,0
4695400,Mark,Gronowski,Mark Gronowski,Mark Gronowski,220,75,QB,181,67.79000091552734,4,1.4980000257492065,201.38461303710938,267,25,9.36299991607666,2618,9,9.805000305175781
4695600,Bryson,Barnes,Bryson Barnes,Bryson Barnes,209,73,QB,134,58.51499938964844,9,3.930000066757202,168.55555725097656,229,12,5.239999771118164,1517,11,6.624000072479248
4695709,Devin,Brown,Devin Brown,Devin Brown,213,75,QB,12,54.54499816894531,1,4.545000076293945,39.400001525878906,22,2,9.090999603271484,197,3,8.954999923706055
4695784,Carson,Camp,Carson Camp,Carson Camp,210,75,QB,22,57.89500045776367,1,2.631999969482422,73,38,1,2.631999969482422,219,1,5.763000011444092
4695819,Zak,Burnett,Zak Burnett,Zak Burnett,185,72,QB,0,0,0,0,0,3,0,0,0,0,0
4695867,Grant,Wilson,Grant Wilson,Grant Wilson,217,75,QB,165,56.89699935913086,7,2.4140000343322754,184.18182373046875,290,16,5.517000198364258,2026,51,6.986000061035156
4695904,Matthew,Sluka,Matthew Sluka,Matthew Sluka,216,75,QB,122,61.92900085449219,5,2.5380001068115234,156.63636779785156,197,20,10.152000427246094,1723,16,8.746000289916992
4695914,Hunter,Hays,Hunter Hays,Hunter Hays,206,76,QB,89,63.12099838256836,5,3.5460000038146973,80.18181610107422,141,9,6.382999897003174,882,7,6.255000114440918
4695989,Cade,Chambers,Cade Chambers,Cade Chambers,215,76,QB,102,57.62699890136719,6,3.390000104904175,139.75,177,5,2.825000047683716,1118,19,6.315999984741211
4696065,Derek,Robertson,Derek Robertson,Derek Robertson,205,74,QB,256,63.68199920654297,13,3.2339999675750732,263.3636474609375,402,25,6.218999862670898,2897,16,7.205999851226807
4696066,Anthony,Harris,Anthony Harris,Anthony Harris,192,75,QB,13,72.22200012207031,0,0,22.200000762939453,18,1,5.556000232696533,111,3,6.166999816894531
4696371,Dante,Perri,Dante Perri,Dante Perri,215,75,QB,36,53.73099899291992,2,2.984999895095825,49.66666793823242,67,4,5.96999979019165,298,2,4.447999954223633
4696561,Jacob,Conover,Jacob Conover,Jacob Conover,205,73,QB,11,28.94700050354004,3,7.894999980926514,65,38,0,0,130,5,3.4210000038146973
4696819,Eli,Sawyer,Eli Sawyer,Eli Sawyer,230,74,QB,109,60.555999755859375,5,2.7780001163482666,140.5,180,6,3.3329999446868896,1405,15,7.806000232696533
4696880,Walker,Harris,Walker Harris,Walker Harris,180,72,QB,37,66.07099914550781,0,0,73.16666412353516,56,5,8.928999900817871,439,4,7.839000225067139
4697093,Jayden,Stinson,Jayden Stinson,Jayden Stinson,214,72,QB,14,38.888999938964844,1,2.7780001163482666,45.5,36,2,5.556000232696533,273,2,7.583000183105469
4697094,DJ,Williams,DJ Williams,DJ Williams,211,75,QB,144,57.599998474121094,9,3.5999999046325684,152.3000030517578,250,11,4.400000095367432,1523,19,6.0920000076293945
4697122,Gaston,Moore,Gaston Moore,Gaston Moore,206,74,QB,4,44.444000244140625,0,0,18,9,0,0,36,1,4
4697131,Bronson,Barron,Bronson Barron,Bronson Barron,215,75,QB,1,50,1,50,-3,2,0,0,-3,1,-1.5
4697512,Robby,Ashford,Robby Ashford,Robby Ashford,218,75,QB,14,51.85200119018555,2,7.4070000648498535,14.5,27,2,7.4070000648498535,145,2,5.369999885559082
4697623,Jayden,de Laura,Jayden de Laura,Jayden de Laura,205,72,QB,89,69.53099822998047,5,3.9059998989105225,186.6666717529297,128,10,7.813000202178955,1120,7,8.75
4697625,Victor,Gabalis,Victor Gabalis,Victor Gabalis,210,75,QB,164,54.48500061035156,13,4.318999767303467,226.72727966308594,301,18,5.980000019073486,2494,13,8.28600025177002
4698250,Grant,Harper,Grant Harper,Grant Harper,199,74,QB,4,44.444000244140625,1,11.111000061035156,28,9,1,11.111000061035156,56,0,6.2220001220703125
4698651,Jeffrey,Jackson,Jeffrey Jackson,Jeffrey Jackson,200,73,QB,33,50.76900100708008,1,1.5379999876022339,66.5999984741211,65,4,6.1539998054504395,333,4,5.123000144958496
4700135,Cam,Fancher,Cam Fancher,Cam Fancher,201,73,QB,202,65.58399963378906,11,3.571000099182129,216.1999969482422,308,11,3.571000099182129,2162,27,7.019000053405762
4701036,C.J.,Duell,C.J. Duell,C.J. Duell,185,73,QB,35,66.03800201416016,0,0,267,53,3,5.659999847412109,534,0,10.074999809265137
4702829,Braedyn,Locke,Braedyn Locke,Braedyn Locke,200,72,QB,76,50,1,0.6579999923706055,155.39999389648438,152,5,3.2890000343322754,777,6,5.111999988555908
4708067,Kai,Horton,Kai Horton,Kai Horton,220,76,QB,31,50,2,3.2260000705718994,161.6666717529297,62,3,4.839000225067139,485,7,7.822999954223633
4708478,Jensen,Jones,Jensen Jones,Jensen Jones,215,74,QB,5,33.33300018310547,1,6.666999816894531,22.85714340209961,15,0,0,160,1,10.666999816894531
4709012,Jase,Bauer,Jase Bauer,Jase Bauer,220,75,QB,163,56.79399871826172,8,2.7869999408721924,156.75,287,12,4.181000232696533,1881,20,6.553999900817871
4709977,Brayden,Schager,Brayden Schager,Brayden Schager,225,75,QB,332,63.237998962402344,14,2.6670000553131104,272.4615478515625,525,26,4.952000141143799,3542,39,6.747000217437744
4710001,CJ,Montes,CJ Montes,CJ Montes,190,74,QB,241,64.266998291015625,1,0.2669999897480011,272.4545593261719,375,26,6.933000087738037,2997,28,7.992000102996826
4711410,Brett,Griffis,Brett Griffis,Brett Griffis,197,72,QB,2,100,0,0,16,2,0,0,16,0,8
4714300,Holden,Geriner,Holden Geriner,Holden Geriner,212,75,QB,4,44.444000244140625,0,0,22.33333396911621,9,0,0,67,1,7.443999767303467
4714771,Drew,Allar,Drew Allar,Drew Allar,243,77,QB,214,61.31800079345703,1,0.28700000047683716,194.6666717529297,349,23,6.590000152587891,2336,14,6.692999839782715
4715345,Devin,Farrell,Devin Farrell,Devin Farrell,195,72,QB,2,66.66699981689453,0,0,9.833333015441895,3,1,33.33300018310547,59,1,19.66699981689453
4731981,Carlos,Davis,Carlos Davis,Carlos Davis,225,74,QB,62,61.38600158691406,3,2.9700000286102295,221.5,101,6,5.940999984741211,886,6,8.772000312805176
4746127,Zach,Pyron,Zach Pyron,Zach Pyron,208,75,QB,4,50,1,12.5,4.199999809265137,8,0,0,21,0,2.625
4749280,Xavier,Lankford,Xavier Lankford,Xavier Lankford,195,74,QB,81,56.25,5,3.4719998836517334,113,144,8,5.556000232696533,904,6,6.2779998779296875
4773919,Thomas,Castellanos,Thomas Castellanos,Thomas Castellanos,196,70,QB,178,57.05099868774414,13,4.166999816894531,178.8333282470703,312,15,4.808000087738037,2146,19,6.877999782562256
4775136,Owen,McCown,Owen McCown,Owen McCown,175,74,QB,21,77.77799987792969,1,3.7039999961853027,38.20000076293945,27,2,7.4070000648498535,191,2,7.073999881744385
4775196,Tommy,Mellott,Tommy Mellott,Tommy Mellott,209,72,QB,75,63.025001525878906,2,1.680999994277954,118.66666412353516,119,10,8.4029998779296875,1068,2,8.975000381469727
4775224,Xander,Werner,Xander Werner,Xander Werner,230,75,TE,4,100,0,0,10.5,4,1,25,63,0,15.75
4775264,Tony,Muskett,Tony Muskett,Tony Muskett,206,74,QB,93,63.26499938964844,5,3.4010000228881836,171.8333282470703,147,6,4.081999778747559,1031,22,7.013999938964844
4775291,Anthony,Chiccitt,Anthony Chiccitt,Anthony Chiccitt,185,74,QB,168,65.625,4,1.562999963760376,182.3333282470703,256,16,6.25,1641,21,6.409999847412109
4795295,Katin,Houser,Katin Houser,Katin Houser,215,75,QB,112,58.638999938964844,5,2.618000030517578,102.7272720336914,191,6,3.1410000324249268,1130,15,5.915999889373779
4799987,Ryan,Burger,Ryan Burger,Ryan Burger,205,75,QB,7,63.63600158691406,0,0,73,11,1,9.090999603271484,73,2,6.636000156402588
4801299,Rocco,Becht,Rocco Becht,Rocco Becht,205,73,QB,209,63.5260009765625,8,2.431999921798706,222.8333282470703,329,20,6.078999996185303,2674,11,8.128000259399414
4801301,Tevin,Carter,Tevin Carter,Tevin Carter,230,75,QB,3,60,1,20,33.66666793823242,5,1,20,101,0,20.200000762939453
4801302,Julian,Calvez,Julian Calvez,Julian Calvez,190,75,QB,1,20,0,0,3,5,0,0,9,1,1.7999999523162842
4801305,Prometheus,Franklin II,Prometheus Franklin II,Prometheus Franklin II,190,75,QB,1,50,0,0,4,2,0,0,4,0,2
4801306,Conner,Harrell,Conner Harrell,Conner Harrell,205,77,QB,4,66.66699981689453,0,0,23.66666603088379,6,1,16.66699981689453,71,1,11.833000183105469
4801307,Tayven,Jackson,Tayven Jackson,Tayven Jackson,215,75,QB,78,60.9379997253418,5,3.9059998989105225,152.3333282470703,128,2,1.562999963760376,914,8,7.140999794006348
4801717,Noah,Fifita,Noah Fifita,Noah Fifita,194,71,QB,217,73.55899810791016,5,1.6950000524520874,228.63636779785156,295,23,7.796999931335449,2515,14,8.524999618530273
4806463,Bryce,Archie,Bryce Archie,Bryce Archie,212,75,QB,5,45.45500183105469,0,0,8.399999618530273,11,0,0,42,4,3.818000078201294
4812474,DJ,Riles,DJ Riles,DJ Riles,193,72,QB,7,87.5,0,0,9.75,8,0,0,78,0,9.75
4819250,AJ,Bianco,AJ Bianco,AJ Bianco,215,76,QB,45,54.87799835205078,5,6.0980000495910645,76.75,82,4,4.877999782562256,614,14,7.48799991607666
4826635,Jaxon,Dailey,Jaxon Dailey,Jaxon Dailey,212,74,QB,17,51.51499938964844,0,0,34.25,33,0,0,137,5,4.1519999504089355
4832918,Ethan,Vasko,Ethan Vasko,Ethan Vasko,220,75,QB,56,62.92100143432617,1,1.1239999532699585,82.85713958740234,89,4,4.49399995803833,580,4,6.517000198364258
4833597,Brayden,Fowler-Nicolosi,Brayden Fowler-Nicolosi,Brayden Fowler-Nicolosi,205,73,QB,292,62.12799835205078,16,3.4040000438690186,288.3333435058594,470,22,4.681000232696533,3460,12,7.361999988555908
4833635,Landry,Lyddy,Landry Lyddy,Landry Lyddy,205,72,QB,14,63.63600158691406,3,13.63599967956543,40.33333206176758,22,1,4.545000076293945,121,3,5.5
4837195,Luca,Stanzani,Luca Stanzani,Luca Stanzani,185,71,QB,35,62.5,3,5.35699987411499,79,56,3,5.35699987411499,316,9,5.64300012588501
4837248,Fernando,Mendoza,Fernando Mendoza,Fernando Mendoza,220,77,QB,131,62.38100051879883,7,3.3329999446868896,180.875,210,13,6.190000057220459,1447,10,6.889999866485596
4838536,Tyler,Hughes,Tyler Hughes,Tyler Hughes,205,72,QB,5,35.7140007019043,0,0,145,14,2,14.28600025177002,145,1,10.357000350952148
4838679,Ashton,Daniels,Ashton Daniels,Ashton Daniels,215,74,QB,191,58.76900100708008,8,2.4619998931884766,187.25,325,11,3.384999990463257,2247,27,6.914000034332275
4868300,Nate,Johnson,Nate Johnson,Nate Johnson,195,73,QB,39,54.16699981689453,0,0,71.28571319580078,72,3,4.166999816894531,499,8,6.931000232696533
4868460,Jake,McNamara,Jake McNamara,Jake McNamara,189,71,QB,3,42.856998443603516,1,14.28600025177002,16,7,0,0,32,0,4.571000099182129
4869321,AJ,Padgett,AJ Padgett,AJ Padgett,238,75,QB,61,63.54199981689453,3,3.125,159,96,7,7.291999816894531,636,9,6.625
4869549,Ridge,Docekal,Ridge Docekal,Ridge Docekal,205,75,QB,10,71.42900085449219,0,0,8,14,1,7.14300012588501,40,0,2.8570001125335693
4869817,Cole,Pennington,Cole Pennington,Cole Pennington,212,75,QB,49,62.025001525878906,6,7.59499979019165,145.6666717529297,79,0,0,437,3,5.5320000648498535
4869991,Caden,Veltkamp,Caden Veltkamp,Caden Veltkamp,235,78,QB,1,50,0,0,2,2,0,0,4,0,2
4870513,Maddux,Madsen,Maddux Madsen,Maddux Madsen,201,70,QB,81,61.36399841308594,3,2.2730000019073486,132.3333282470703,132,9,6.817999839782715,1191,6,9.02299976348877
4870518,Zeon,Chriss,Zeon Chriss,Zeon Chriss,209,74,QB,102,66.66699981689453,5,3.2679998874664307,152.75,153,11,7.190000057220459,1222,8,7.986999988555908
4870607,Jackson,Arnold,Jackson Arnold,Jackson Arnold,214,73,QB,18,75,0,0,40.400001525878906,24,2,8.333000183105469,202,0,8.416999816894531
4870636,Pierce,Clarkson,Pierce Clarkson,Pierce Clarkson,190,73,QB,1,50,0,0,7,2,0,0,7,0,3.5
4870645,Rickie,Collins,Rickie Collins,Rickie Collins,200,74,QB,2,100,0,0,3,2,0,0,3,0,1.5
4870712,Cameron,Edge,Cameron Edge,Cameron Edge,218,74,QB,2,66.66699981689453,0,0,18,3,0,0,18,1,6
4870757,Ahmad,Haston,Ahmad Haston,Ahmad Haston,195,72,QB,11,64.70600128173828,1,5.881999969482422,58.66666793823242,17,2,11.765000343322754,176,1,10.352999687194824
4870799,Nico,Iamaleava,Nico Iamaleava,Nico Iamaleava,206,78,QB,16,61.53799819946289,0,0,40.75,26,1,3.8459999561309814,163,1,6.269000053405762
4870857,Avery,Johnson,Avery Johnson,Avery Johnson,188,74,QB,23,65.71399688720703,0,0,43,35,3,8.571000099182129,301,1,8.600000381469727
4870883,J.J.,Kohl,J.J. Kohl,J.J. Kohl,250,79,QB,9,81.81800079345703,0,0,7.666666507720947,11,0,0,23,1,2.0910000801086426
4870889,Chris,Parson,Chris Parson,Chris Parson,210,73,QB,11,42.30799865722656,3,11.538000106811523,51.5,26,0,0,103,5,3.9619998931884766
4870900,Dylan,Lonergan,Dylan Lonergan,Dylan Lonergan,212,74,QB,2,100,0,0,12,2,0,0,12,0,6
4870906,Arch,Manning,Arch Manning,Arch Manning,212,76,QB,2,40,0,0,30,5,0,0,30,0,6
4870909,Jaden,Rashada,Jaden Rashada,Jaden Rashada,185,76,QB,44,53.659000396728516,3,3.6589999198913574,161.6666717529297,82,4,4.877999782562256,485,6,5.914999961853027
4870921,Dante,Moore,Dante Moore,Dante Moore,210,75,QB,114,53.520999908447266,9,4.224999904632568,178.88888549804688,213,11,5.164000034332275,1610,25,7.559000015258789
4870928,Malachi,Nelson,Malachi Nelson,Malachi Nelson,190,75,QB,1,33.33300018310547,0,0,0,3,0,0,0,0,0
4870971,Marcel,Reed,Marcel Reed,Marcel Reed,180,74,QB,1,33.33300018310547,0,0,6.5,3,1,33.33300018310547,13,0,4.333000183105469
4872459,Jarrett,Synek,Jarrett Synek,Jarrett Synek,210,72,QB,6,50,1,8.333000183105469,25.5,12,0,0,51,0,4.25
4872721,Cardell,Williams,Cardell Williams,Cardell Williams,175,74,QB,79,59.847999572753906,7,5.302999973297119,127.66666412353516,132,10,7.576000213623047,1149,15,8.704999923706055
4872956,Holman,Edwards,Holman Edwards,Holman Edwards,215,74,QB,8,42.10499954223633,1,5.263000011444092,23.33333396911621,19,0,0,70,5,3.684000015258789
4873077,Brayten,Silbor,Brayten Silbor,Brayten Silbor,220,75,QB,151,50.16600036621094,11,3.6540000438690186,169.89999389648438,301,10,3.322000026702881,1699,10,5.644999980926514
4874519,Gunnar,Gundy,Gunnar Gundy,Gunnar Gundy,200,73,QB,21,61.76499938964844,0,0,67.33333587646484,34,1,2.940999984741211,202,5,5.940999984741211
4874527,Sam,Jackson V,Sam Jackson V,Sam Jackson V,195,71,QB,51,53.125,2,2.0829999446868896,111.19999694824219,96,5,5.208000183105469,556,5,5.791999816894531
4875125,Max,Brown,Max Brown,Max Brown,220,74,QB,19,67.85700225830078,1,3.571000099182129,48,28,0,0,192,7,6.85699987411499
4875127,LaNorris,Sellers,LaNorris Sellers,LaNorris Sellers,245,75,QB,4,100,0,0,28.66666603088379,4,2,50,86,0,21.5
4875689,Kevin,Hurley,Kevin Hurley,Kevin Hurley,233,75,QB,10,45.45500183105469,0,0,28,22,2,9.090999603271484,196,1,8.909000396728516
4875733,Pat,McQuaide,Pat McQuaide,Pat McQuaide,190,72,QB,180,56.42599868774414,12,3.76200008392334,199.63636779785156,319,13,4.074999809265137,2196,21,6.883999824523926
4875854,Ben,Harris,Ben Harris,Ben Harris,203,73,QB,2,50,0,0,18,4,0,0,18,1,4.5
4875855,Ralph,Rucker,Ralph Rucker,Ralph Rucker,207,72,QB,211,62.058998107910156,5,1.4709999561309814,253.6999969482422,340,21,6.176000118255615,2537,30,7.461999893188477
4875866,Reese,Poffenbarger,Reese Poffenbarger,Reese Poffenbarger,210,72,QB,246,57.611000061035156,10,2.3420000076293945,241.57142639160156,427,36,8.430999755859375,3382,33,7.920000076293945
4876066,Zevi,Eckhaus,Zevi Eckhaus,Zevi Eckhaus,205,73,QB,238,62.797000885009766,7,1.847000002861023,264.2727355957031,379,28,7.388000011444092,2907,18,7.670000076293945
4876109,Jaden,Jones,Jaden Jones,Jaden Jones,190,72,QB,9,47.36800003051758,0,0,13,19,0,0,52,3,2.736999988555908
4876140,Kekoa,Visperas,Kekoa Visperas,Kekoa Visperas,190,72,QB,250,65.96299743652344,10,2.6389999389648438,275.29998779296875,379,19,5.013000011444092,2753,15,7.263999938964844
4876199,Daniel,Britt,Daniel Britt,Daniel Britt,180,71,QB,3,75,0,0,14.25,4,2,50,57,0,14.25
4876244,RJ,Martinez,RJ Martinez,RJ Martinez,204,71,QB,12,50,0,0,36.66666793823242,24,0,0,110,0,4.583000183105469
4876457,Jake,Willcox,Jake Willcox,Jake Willcox,195,74,QB,279,62,9,2,289.3999938964844,450,17,3.7780001163482666,2894,18,6.431000232696533
4876662,Michael,Brescia,Michael Brescia,Michael Brescia,220,75,QB,89,53.93899917602539,8,4.8480000495910645,103.25,165,2,1.2120000123977661,826,19,5.00600004196167
4876789,Luke,Durkin,Luke Durkin,Luke Durkin,190,72,QB,22,62.856998443603516,2,5.714000225067139,33.42856979370117,35,2,5.714000225067139,234,2,6.685999870300293
4876800,LJ,Phillips Jr.,LJ Phillips Jr.,LJ Phillips Jr.,190,74,QB,2,100,0,0,39,2,0,0,39,0,19.5
4876810,Blake,Ellingson,Blake Ellingson,Blake Ellingson,195,74,QB,10,47.61899948120117,0,0,18.799999237060547,21,0,0,94,0,4.47599983215332
4876839,Frankie,Savino,Frankie Savino,Frankie Savino,205,73,QB,1,50,0,0,4.666666507720947,2,0,0,14,0,7
4876865,Carter,Cravens,Carter Cravens,Carter Cravens,195,74,QB,157,51.30699920654297,6,1.9609999656677246,230.44444274902344,306,13,4.248000144958496,2074,16,6.7779998779296875
4876994,Tanner,Jellison,Tanner Jellison,Tanner Jellison,180,76,QB,21,77.77799987792969,0,0,219,27,2,7.4070000648498535,219,0,8.111000061035156
4877123,Haynes,Eller,Haynes Eller,Haynes Eller,215,77,QB,18,48.64899826049805,2,5.40500020980835,56,37,2,5.40500020980835,280,0,7.567999839782715
4877211,Jace,Wilson,Jace Wilson,Jace Wilson,181,71,QB,144,57.143001556396484,5,1.9839999675750732,163.3000030517578,252,10,3.9679999351501465,1633,21,6.480000019073486
4877296,CJ,Ogbonna,CJ Ogbonna,CJ Ogbonna,212,74,QB,8,38.095001220703125,2,9.52400016784668,12.428571701049805,21,1,4.76200008392334,87,0,4.14300012588501
4877380,Quincy,Crittendon,Quincy Crittendon,Quincy Crittendon,200,71,QB,6,40,0,0,8.714285850524902,15,0,0,61,3,4.066999912261963
4877387,Junior,Muratovic,Junior Muratovic,Junior Muratovic,215,75,QB,10,45.45500183105469,0,0,39,22,0,0,117,1,5.317999839782715
4877561,Brody,Palhegyi,Brody Palhegyi,Brody Palhegyi,175,70,QB,31,59.6150016784668,2,3.8459999561309814,86.80000305175781,52,4,7.691999912261963,434,2,8.345999717712402
4877717,Matthew,Caldwell,Matthew Caldwell,Matthew Caldwell,203,76,QB,101,57.0620002746582,3,1.6950000524520874,188,177,7,3.9549999237060547,940,3,5.310999870300293
4877782,Ah-Shaun,Davis,Ah-Shaun Davis,Ah-Shaun Davis,214,75,QB,4,50,0,0,15,8,0,0,60,0,7.5
4877811,Billy,Atkins,Billy Atkins,Billy Atkins,207,74,QB,1,50,0,0,3.3333332538604736,2,0,0,10,1,5
4877890,Kyle,Wickersham,Kyle Wickersham,Kyle Wickersham,225,75,QB,136,71.95800018310547,4,2.115999937057495,140,189,10,5.290999889373779,1400,21,7.4070000648498535
4878118,Daron,Bryden,Daron Bryden,Daron Bryden,200,74,QB,39,66.10199737548828,0,0,77.19999694824219,59,2,3.390000104904175,386,4,6.541999816894531
4878151,Darius,Wilson,Darius Wilson,Darius Wilson,190,75,QB,131,60.36899948120117,4,1.843000054359436,156.8000030517578,217,9,4.146999835968018,1568,20,7.22599983215332
4878197,Jameson,Wang,Jameson Wang,Jameson Wang,197,73,QB,242,64.878997802734375,7,1.8769999742507935,247.39999389648438,373,8,2.1449999809265137,2474,11,6.632999897003174
4878223,Jackson,Proctor,Jackson Proctor,Jackson Proctor,200,73,QB,73,75.25800323486328,3,3.0929999351501465,119.33333587646484,97,4,4.124000072479248,716,2,7.38100004196167
4878238,Charles,Deprima,Charles Deprima,Charles Deprima,185,74,QB,73,50.345001220703125,7,4.828000068664551,106.44444274902344,145,12,8.276000022888184,958,12,6.60699987411499
4878255,Aidan,Sayin,Aidan Sayin,Aidan Sayin,200,74,QB,276,64.48600006103516,12,2.803999900817871,279.1000061035156,428,16,3.73799991607666,2791,11,6.520999908447266
4878284,Tommy,Rittenhouse,Tommy Rittenhouse,Tommy Rittenhouse,190,71,QB,46,66.66699981689453,0,0,77.83333587646484,69,3,4.3480000495910645,467,26,6.76800012588501
4878286,Timothy,Dorsey,Timothy Dorsey,Timothy Dorsey,182,71,QB,4,26.66699981689453,0,0,6.333333492279053,15,0,0,19,4,1.2669999599456787
4878681,Davis,Warren,Davis Warren,Davis Warren,195,74,QB,0,0,1,20,0,5,0,0,0,0,0
4878833,Aidan,Dunne,Aidan Dunne,Aidan Dunne,208,72,QB,6,85.71399688720703,0,0,18.25,7,1,14.28600025177002,73,0,10.428999900817871
4878834,Matt,Morrissey,Matt Morrissey,Matt Morrissey,220,77,QB,206,60.946998596191406,7,2.071000099182129,182.5454559326172,338,13,3.8459999561309814,2008,50,5.940999984741211
4878884,Jon,Bell,Jon Bell,Jon Bell,190,75,QB,1,20,0,0,1.5,5,0,0,6,1,1.2000000476837158
4878912,Hunter,Simmons,Hunter Simmons,Hunter Simmons,214,76,QB,18,51.42900085449219,1,2.8570001125335693,33.79999923706055,35,1,2.8570001125335693,169,0,4.828999996185303
4878988,Gavin,McCusker,Gavin McCusker,Gavin McCusker,195,74,QB,38,43.18199920654297,2,2.2730000019073486,94.80000305175781,88,1,1.1360000371932983,474,12,5.386000156402588
4879058,Joe,Pesansky,Joe Pesansky,Joe Pesansky,224,76,QB,32,58.18199920654297,2,3.635999917984009,83.16666412353516,55,5,9.090999603271484,499,4,9.072999954223633
4879079,Brock,Bagozzi,Brock Bagozzi,Brock Bagozzi,206,74,QB,140,53.231998443603516,8,3.0420000553131104,167.88888549804688,263,9,3.421999931335449,1511,14,5.744999885559082
4879091,Logan,Brabham,Logan Brabham,Logan Brabham,189,74,QB,75,63.025001525878906,4,3.3610000610351562,128.8333282470703,119,5,4.202000141143799,773,10,6.495999813079834
4879147,Michael,Appel Jr.,Michael Appel Jr.,Michael Appel Jr.,220,76,QB,73,51.77299880981445,8,5.673999786376953,154,141,6,4.255000114440918,770,23,5.460999965667725
4879223,Trey,Feeney,Trey Feeney,Trey Feeney,205,75,QB,15,75,0,0,36.16666793823242,20,1,5,217,0,10.850000381469727
4879225,Simon,Romfo,Simon Romfo,Simon Romfo,185,71,QB,2,100,0,0,2.200000047683716,2,0,0,11,0,5.5
4879250,Cole,Payton,Cole Payton,Cole Payton,230,75,QB,18,66.66699981689453,0,0,20.64285659790039,27,3,11.111000061035156,289,5,10.704000473022461
4879251,Peter,Anderson,Peter Anderson,Peter Anderson,205,73,QB,0,0,0,0,0,2,0,0,0,0,0
4879497,James,Mott,James Mott,James Mott,195,72,QB,2,66.66699981689453,0,0,9,3,0,0,9,0,3
4879928,Bryson,Daily,Bryson Daily,Bryson Daily,218,72,QB,60,50,6,5,83,120,7,5.833000183105469,913,7,7.607999801635742
4880272,Byrum,Brown,Byrum Brown,Byrum Brown,209,75,QB,257,64.25,11,2.75,256.5,400,23,5.75,3078,36,7.695000171661377
4881352,Jack,Shields,Jack Shields,Jack Shields,198,73,QB,25,53.191001892089844,3,6.382999897003174,117.66666412353516,47,2,4.255000114440918,353,10,7.511000156402588
4882086,Zach,Yeager,Zach Yeager,Zach Yeager,210,73,QB,18,42.856998443603516,2,4.76200008392334,44.66666793823242,42,0,0,134,5,3.190000057220459
4882088,Alston,Hooker,Alston Hooker,Alston Hooker,180,73,QB,11,73.33300018310547,0,0,159,15,1,6.666999816894531,159,1,10.600000381469727
4883675,Ryan,Roberts,Ryan Roberts,Ryan Roberts,185,72,QB,34,59.64899826049805,1,1.753999948501587,76.5999984741211,57,3,5.263000011444092,383,1,6.718999862670898
4884086,Jalen,Macon,Jalen Macon,Jalen Macon,205,77,QB,61,66.30400085449219,1,1.0870000123977661,109.5,92,3,3.260999917984009,657,14,7.140999794006348
4884392,Christopher,Zellous,Christopher Zellous,Christopher Zellous,220,75,QB,127,54.50600051879883,14,6.008999824523926,149.6999969482422,233,13,5.578999996185303,1497,11,6.425000190734863
4885435,Cole,Dugger,Cole Dugger,Cole Dugger,182,73,QB,80,54.79499816894531,7,4.795000076293945,155.14285278320312,146,10,6.848999977111816,1086,9,7.438000202178955
4885467,Carter,Davis,Carter Davis,Carter Davis,177,73,QB,27,52.941001892089844,3,5.881999969482422,74.4000015258789,51,3,5.881999969482422,372,8,7.294000148773193
4887151,Andrew,Body,Andrew Body,Andrew Body,195,74,QB,18,47.36800003051758,3,7.894999980926514,286,38,3,7.894999980926514,286,0,7.526000022888184
4887446,Gevani,McCoy,Gevani McCoy,Gevani McCoy,170,72,QB,230,64.97200012207031,8,2.259999990463257,243.25,354,15,4.236999988555908,2919,29,8.246000289916992
4887635,Brady,Meitz,Brady Meitz,Brady Meitz,190,73,QB,98,57.310001373291016,7,4.093999862670898,142,171,8,4.677999973297119,1278,14,7.473999977111816
4887689,Duce,Taylor,Duce Taylor,Duce Taylor,180,73,QB,18,42.856998443603516,4,9.52400016784668,66,42,2,4.76200008392334,198,2,4.714000225067139
4888130,Noah,Bodden,Noah Bodden,Noah Bodden,218,76,QB,21,51.220001220703125,2,4.877999782562256,75.19999694824219,41,1,2.438999891281128,376,3,9.170999526977539
4889929,Quinn,Ewers,Quinn Ewers,Quinn Ewers,195,74,QB,248,70.654998779296875,6,1.7089999914169312,287.3636474609375,351,21,5.982999801635742,3161,25,9.005999565124512
4890365,Tyler,Szalkowski,Tyler Szalkowski,Tyler Szalkowski,225,74,QB,30,65.21700286865234,4,8.696000099182129,47.79999923706055,46,1,2.1740000247955322,239,6,5.196000099182129
4890420,Dino,Maldonado,Dino Maldonado,Dino Maldonado,205,71,QB,27,55.10200119018555,2,4.081999778747559,44.75,49,1,2.0409998893737793,179,3,3.6530001163482666
4893657,Gavin,Wimsatt,Gavin Wimsatt,Gavin Wimsatt,225,75,QB,131,47.810001373291016,8,2.9200000762939453,137.5833282470703,274,9,3.2850000858306885,1651,14,6.026000022888184
4895117,Jiya,Wright,Jiya Wright,Jiya Wright,205,73,QB,107,52.45100021362305,8,3.921999931335449,124.5999984741211,204,10,4.9019999504089355,1246,23,6.107999801635742
4896184,C.J.,Henry,C.J. Henry,C.J. Henry,180,70,QB,4,80,0,0,24,5,0,0,24,1,4.800000190734863
4899046,Brendan,Sorsby,Brendan Sorsby,Brendan Sorsby,230,75,QB,135,57.202999114990234,5,2.11899995803833,158.6999969482422,236,15,6.355999946594238,1587,17,6.724999904632568
4899880,Bennett,Meredith,Bennett Meredith,Bennett Meredith,210,75,QB,7,63.63600158691406,0,0,14.333333015441895,11,0,0,43,2,3.9089999198913574
4911929,Alonza,Barnett III,Alonza Barnett III,Alonza Barnett III,203,72,QB,3,27.273000717163086,1,9.090999603271484,15,11,0,0,15,0,1.3639999628067017
4911961,Jack,Lausch,Jack Lausch,Jack Lausch,205,74,QB,2,66.66699981689453,0,0,1.25,3,0,0,10,1,3.3329999446868896
4912238,Turner,Helton,Turner Helton,Turner Helton,180,74,QB,8,100,0,0,41,8,1,12.5,82,1,10.25
4912647,Austin,Novosad,Austin Novosad,Austin Novosad,200,75,QB,4,100,0,0,7,4,0,0,14,0,3.5
4912864,Raheim,Jeter,Raheim Jeter,Raheim Jeter,219,73,QB,1,50,0,0,1,2,0,0,1,0,0.5
4915622,Jake,Strong,Jake Strong,Jake Strong,210,73,QB,35,53.84600067138672,6,9.230999946594238,204.5,65,2,3.0769999027252197,409,0,6.291999816894531
4915713,Walter,Taylor,Walter Taylor,Walter Taylor,235,79,QB,5,33.33300018310547,1,6.666999816894531,8.800000190734863,15,0,0,44,3,2.933000087738037
4915837,Grayson,Loftis,Grayson Loftis,Grayson Loftis,205,75,QB,72,53.73099899291992,3,2.239000082015991,164.60000610351562,134,8,5.96999979019165,823,5,6.142000198364258
4915980,John,Mateer,John Mateer,John Mateer,217,73,QB,13,76.47100067138672,1,5.881999969482422,21.363636016845703,17,2,11.765000343322754,235,0,13.824000358581543
4916436,E.J.,Warner,E.J. Warner,E.J. Warner,190,72,QB,256,57.52799987792969,12,2.697000026702881,307.6000061035156,445,23,5.169000148773193,3076,8,6.9120001792907715
4916888,Bert,Emanuel Jr.,Bert Emanuel Jr.,Bert Emanuel Jr.,220,75,QB,19,51.35100173950195,3,8.107999801635742,47.66666793823242,37,3,8.107999801635742,286,6,7.730000019073486
4917093,Ryan,Staub,Ryan Staub,Ryan Staub,200,73,QB,23,57.5,0,0,84.66666412353516,40,1,2.5,254,4,6.349999904632568
4918099,Kenny,Minchey,Kenny Minchey,Kenny Minchey,215,73,QB,2,100,0,0,12,2,0,0,12,0,6
4920156,Dylan,Rizk,Dylan Rizk,Dylan Rizk,205,74,QB,4,80,0,0,28,5,0,0,28,1,5.599999904632568
4920158,Brock,Glenn,Brock Glenn,Brock Glenn,213,74,QB,10,40,0,0,22.5,25,0,0,90,4,3.5999999046325684
4920193,Ethan,Crawford,Ethan Crawford,Ethan Crawford,215,72,QB,17,47.22200012207031,0,0,48,36,3,8.333000183105469,240,9,6.666999816894531
4920227,Gio,Lopez,Gio Lopez,Gio Lopez,223,73,QB,27,64.28600311279297,2,4.76200008392334,70.75,42,1,2.38100004196167,283,1,6.73799991607666
4923285,McCae,Hillstead,McCae Hillstead,McCae Hillstead,185,70,QB,87,59.183998107910156,8,5.441999912261963,143.57142639160156,147,10,6.802999973297119,1005,17,6.836999893188477
4986096,Chase,Jenkins,Chase Jenkins,Chase Jenkins,187,72,QB,12,66.66699981689453,1,5.556000232696533,30.66666603088379,18,0,0,92,1,5.111000061035156
5044387,Anthony,Colandrea,Anthony Colandrea,Anthony Colandrea,180,71,QB,154,62.60200119018555,9,3.6589999198913574,244.75,246,13,5.284999847412109,1958,20,7.959000110626221
5054036,Jackson,Brousseau,Jackson Brousseau,Jackson Brousseau,220,76,QB,1,50,0,0,12,2,0,0,12,0,6
5075392,Keldric,Luster,Keldric Luster,Keldric Luster,225,70,QB,2,33.33300018310547,0,0,7.666666507720947,6,0,0,23,0,3.8329999446868896
5075800,Emory,Williams,Emory Williams,Emory Williams,220,77,QB,44,61.97200012207031,1,1.4079999923706055,94,71,3,4.224999904632568,470,4,6.619999885559082
5075805,Aidan,Chiles,Aidan Chiles,Aidan Chiles,200,75,QB,24,68.57099914550781,0,0,34.33333206176758,35,4,11.428999900817871,309,4,8.829000473022461
5076949,Evan,Bullock,Evan Bullock,Evan Bullock,215,77,QB,2,40,1,20,21,5,0,0,21,1,4.199999809265137
5077693,Blake,Murphy,Blake Murphy,Blake Murphy,171,71,QB,53,50.96200180053711,5,4.808000087738037,180.25,104,4,3.8459999561309814,721,10,6.933000087738037
5078166,Ajani,Sheppard,Ajani Sheppard,Ajani Sheppard,230,74,QB,2,100,0,0,23,2,0,0,23,0,11.5
5078278,Lincoln,Kienholz,Lincoln Kienholz,Lincoln Kienholz,200,74,QB,4,80,0,0,12.5,5,0,0,25,0,5
5078810,Sam,Leavitt,Sam Leavitt,Sam Leavitt,200,74,QB,15,65.21700286865234,2,8.696000099182129,34.75,23,2,8.696000099182129,139,3,6.043000221252441
5080403,Jaylen,Raynor,Jaylen Raynor,Jaylen Raynor,204,72,QB,150,58.82400131225586,6,2.3529999256134033,230,255,15,5.881999969482422,2300,23,9.020000457763672
5081178,Trace,Campbell,Trace Campbell,Trace Campbell,235,77,QB,4,44.444000244140625,0,0,47,9,0,0,47,0,5.2220001220703125
5081239,Steven,Johnson,Steven Johnson,Steven Johnson,190,76,QB,3,50,1,16.66699981689453,67,6,1,16.66699981689453,67,1,11.166999816894531
5081405,AJ,Swann,AJ Swann,AJ Swann,228,75,QB,107,54.59199905395508,7,3.571000099182129,242.8333282470703,196,12,6.122000217437744,1457,11,7.434000015258789
5081504,Blake,Horvath,Blake Horvath,Blake Horvath,195,74,QB,6,50,0,0,21,12,2,16.66699981689453,84,1,7
5081856,Nate,Glantz,Nate Glantz,Nate Glantz,206,72,QB,71,49.305999755859375,5,3.4719998836517334,143.5,144,3,2.0829999446868896,861,19,5.979000091552734
5082005,Tyriq,Starks,Tyriq Starks,Tyriq Starks,210,74,QB,5,50,0,0,35,10,0,0,35,2,3.5
5082330,John Alan,Richter,John Alan Richter,John Alan Richter,215,75,QB,3,75,0,0,49,4,0,0,49,0,12.25
5082361,Damon,Stewart,Damon Stewart,Damon Stewart,160,73,QB,121,64.36199951171875,4,2.128000020980835,159.60000610351562,188,11,5.85099983215332,1596,8,8.48900032043457
5082633,Evan,Svoboda,Evan Svoboda,Evan Svoboda,245,77,QB,22,61.111000061035156,1,2.7780001163482666,23,36,0,0,184,2,5.111000061035156
5082965,Tommy,Ulatowski,Tommy Ulatowski,Tommy Ulatowski,181,74,QB,60,49.58700180053711,2,1.652999997138977,81.888885498046875,121,7,5.784999847412109,737,9,6.091000080108643
5083042,Skyler,Locklear,Skyler Locklear,Skyler Locklear,189,71,QB,3,75,0,0,59,4,1,25,59,0,14.75
5083103,Davis,Bryson,Davis Bryson,Davis Bryson,190,69,QB,2,18.18199920654297,0,0,13.25,11,0,0,53,0,4.817999839782715
5083145,Bo,Kelly,Bo Kelly,Bo Kelly,195,72,QB,62,55.356998443603516,2,1.7860000133514404,90,112,4,3.571000099182129,630,6,5.625
5083171,Jack,Layne,Jack Layne,Jack Layne,195,73,QB,25,78.125,0,0,65,32,8,25,325,3,10.156000137329102
5083213,Jordan,Reed,Jordan Reed,Jordan Reed,212,78,QB,16,53.33300018310547,0,0,53,30,1,3.3329999446868896,212,2,7.066999912261963
5083223,Shea,Kuykendall,Shea Kuykendall,Shea Kuykendall,205,73,QB,52,64.197998046875,2,2.4690001010894775,151.3333282470703,81,2,2.4690001010894775,454,4,5.605000019073486
5083285,Tanner,Maddocks,Tanner Maddocks,Tanner Maddocks,190,73,QB,6,100,0,0,11,6,0,0,44,0,7.333000183105469
5083373,Ashten,Snelsire,Ashten Snelsire,Ashten Snelsire,210,75,QB,6,42.856998443603516,2,14.28600025177002,23.5,14,0,0,47,1,3.3570001125335693
5083436,Barry,Kleinpeter,Barry Kleinpeter,Barry Kleinpeter,183,74,QB,1,20,0,0,3,5,0,0,9,3,1.7999999523162842
5083569,Jaden,Craig,Jaden Craig,Jaden Craig,215,74,QB,58,59.79399871826172,2,2.062000036239624,110.71428680419922,97,4,4.124000072479248,775,14,7.989999771118164
5083757,Paxton,DeLaurent,Paxton DeLaurent,Paxton DeLaurent,215,77,QB,159,64.37200164794922,2,0.8100000023841858,256,247,11,4.453000068664551,1792,19,7.255000114440918
5083758,Patrick,Heitert,Patrick Heitert,Patrick Heitert,201,72,QB,67,56.779998779296875,2,1.6950000524520874,96.28571319580078,118,3,2.5420000553131104,674,15,5.711999893188477
5083846,Ryan,Schuster,Ryan Schuster,Ryan Schuster,208,74,QB,7,43.75,1,6.25,12.666666984558105,16,0,0,38,4,2.375
5083847,Dean,DeNobile,Dean DeNobile,Dean DeNobile,192,73,QB,170,66.66699981689453,5,1.9609999656677246,166.4166717529297,255,20,7.8429999351501465,1997,20,7.830999851226807
5083895,Luke,Schomburg,Luke Schomburg,Luke Schomburg,194,75,QB,43,52.43899917602539,3,3.6589999198913574,86.16666412353516,82,2,2.438999891281128,517,1,6.304999828338623
5083941,Collin,Shannon,Collin Shannon,Collin Shannon,200,73,QB,52,55.91400146484375,3,3.2260000705718994,142.75,93,2,2.1510000228881836,571,12,6.139999866485596
5083986,Jamari,Jones,Jamari Jones,Jamari Jones,210,75,QB,19,51.35100173950195,0,0,32.75,37,1,2.703000068664551,131,1,3.5409998893737793
5084053,Maddux,Richey,Maddux Richey,Maddux Richey,198,74,QB,3,42.856998443603516,0,0,18,7,0,0,18,1,2.571000099182129
5084084,Kevin,Jennings,Kevin Jennings,Kevin Jennings,189,72,QB,37,64.91200256347656,2,3.509000062942505,71.16666412353516,57,4,7.01800012588501,427,3,7.491000175476074
5084180,Diego,Pavia,Diego Pavia,Diego Pavia,200,72,QB,210,61.58399963378906,8,2.3459999561309814,208.2142791748047,341,26,7.625,2915,19,8.54800033569336
5084304,Chancellor,Edwards,Chancellor Edwards,Chancellor Edwards,195,76,QB,52,55.319000244140625,3,3.190999984741211,92.4000015258789,94,4,4.255000114440918,462,9,4.914999961853027
5084305,Mekhi,Hagens,Mekhi Hagens,Mekhi Hagens,200,75,QB,53,45.29899978637695,4,3.4189999103546143,61.33333206176758,117,3,2.563999891281128,552,12,4.7179999351501465
5084352,Bryce,Patterson,Bryce Patterson,Bryce Patterson,205,74,QB,26,52,4,8,114.25,50,8,16,457,3,9.140000343322754
5084404,Liam,O'Brien,Liam O'Brien,Liam O'Brien,210,72,QB,3,75,0,0,3.875,4,0,0,31,0,7.75
5084553,William,Riddle,William Riddle,William Riddle,184,72,QB,45,44.11800003051758,6,5.881999969482422,76.57142639160156,102,0,0,536,12,5.255000114440918
5084769,Angel,Flores,Angel H Flores,Angel H Flores,210,72,QB,52,73.23899841308594,3,4.224999904632568,90.57142639160156,71,5,7.041999816894531,634,7,8.930000305175781
5084802,AJ,Wilson,AJ Wilson,AJ Wilson,166,74,QB,2,100,0,0,1.5,2,1,50,12,0,6
5084828,Luke,Bottari,Luke Bottari,Luke Bottari,205,70,QB,6,60,0,0,61,10,0,0,61,0,6.099999904632568
5085112,Emmett,Brown,Emmett Brown,Emmett Brown,187,70,QB,2,50,1,25,14,4,0,0,14,0,3.5
5085259,Ashton,Frye,Ashton Frye,Ashton Frye,195,76,QB,5,45.45500183105469,0,0,25.5,11,0,0,51,0,4.636000156402588
5085337,Keyone,Jenkins,Keyone Jenkins,Keyone Jenkins,190,71,QB,194,58.433998107910156,11,3.312999963760376,220.18182373046875,332,11,3.312999963760376,2422,37,7.295000076293945
5085356,Austin,Myers,Austin Myers,Austin Myers,205,76,QB,3,60,0,0,26.5,5,1,20,53,0,10.600000381469727
5085570,Logan,Gonzalez,Logan Gonzalez,Logan Gonzalez,200,75,QB,8,66.66699981689453,0,0,32.66666793823242,12,1,8.333000183105469,98,0,8.166999816894531
5085644,Coulter,Cleland,Coulter Cleland,Coulter Cleland,200,73,QB,119,70,8,4.705999851226807,128.72727966308594,170,17,10,1416,11,8.329000473022461
5085714,Jordan,Pachot,Jordan Pachot,Jordan Pachot,195,74,QB,183,67.52799987792969,9,3.321000099182129,228.5,271,19,7.011000156402588,2285,22,8.432000160217285
5085718,Hess,Horne,Hess Horne,Hess Horne,190,74,QB,1,33.33300018310547,0,0,1,3,0,0,4,0,1.3329999446868896
5085784,Chase,Mason,Chase Mason,Chase Mason,225,76,QB,15,62.5,0,0,28,24,0,0,196,0,8.166999816894531
5085788,Enzo,Arjona,Enzo Arjona,Enzo Arjona,200,72,QB,8,88.88899993896484,0,0,22,9,0,0,66,1,7.333000183105469
5085808,Marqui,Adams,Marqui Adams,Marqui Adams,175,73,QB,110,59.78300094604492,9,4.890999794006348,161.3333282470703,184,9,4.890999794006348,1452,19,7.890999794006348
5085848,Carson,Jones,Carson Jones,Carson Jones,198,74,QB,57,56.43600082397461,2,1.9800000190734863,90.33333587646484,101,7,6.931000232696533,542,5,5.366000175476074
5085941,Zach,Osborne,Zach Osborne,Zach Osborne,215,74,QB,57,66.27899932861328,3,3.48799991607666,82.42857360839844,86,5,5.814000129699707,577,2,6.709000110626221
5086046,Chad,Mascoe Jr.,Chad Mascoe Jr.,Chad Mascoe Jr.,210,73,QB,2,28.570999145507812,0,0,13,7,0,0,13,1,1.8569999933242798
5086156,Danny,Lauter,Danny Lauter,Danny Lauter,210,75,QB,35,60.345001220703125,2,3.447999954223633,428,58,3,5.171999931335449,428,2,7.379000186920166
5086517,Will,Lankford,Will Lankford,Will Lankford,192,75,QB,3,33.33300018310547,0,0,4.333333492279053,9,0,0,26,3,2.8889999389648438
5086596,Tobin,O'Dell,Tobin O'Dell,Tobin O'Dell,205,74,QB,1,50,1,50,-2.6666667461395264,2,0,0,0,1,0
5086865,Tony,Bartalo,Tony Bartalo,Tony Bartalo,214,74,QB,20,50,3,7.5,71,40,0,0,213,8,5.324999809265137
5086920,Eli,Brickhandler,Eli Brickhandler,Eli Brickhandler,195,74,QB,29,50.87699890136719,2,3.509000062942505,62.33333206176758,57,2,3.509000062942505,374,10,6.560999870300293
5086970,Ryan,O'Connor,Ryan O'Connor,Ryan O'Connor,200,75,QB,162,55.86199951171875,8,2.759000062942505,210.39999389648438,290,19,6.552000045776367,2104,19,7.255000114440918
5086995,Dante,Casciola,Dante Casciola,Dante Casciola,206,74,QB,74,60.65599822998047,3,2.4590001106262207,132.2857208251953,122,7,5.73799991607666,926,15,7.590000152587891
5087297,Ja'Shawn,Scroggins,Ja'Shawn Scroggins,Ja'Shawn Scroggins,195,75,QB,6,50,1,8.333000183105469,8,12,0,0,56,0,4.666999816894531
5088096,Ty,Englehart,Ty Englehart,Ty Englehart,195,76,QB,32,64,3,6,40,50,4,8,320,6,6.400000095367432
5088103,Tyler,Wesley,Tyler Wesley,Tyler Wesley,180,75,QB,133,49.62699890136719,6,2.239000082015991,172.81817626953125,268,13,4.85099983215332,1901,22,7.0929999351501465
5088166,Ashur,Carraha,Ashur Carraha,Ashur Carraha,190,72,QB,141,47.797000885009766,8,2.7119998931884766,156.6999969482422,295,11,3.7290000915527344,1567,12,5.311999797821045
5088330,Cole,Doyle,Cole Doyle,Cole Doyle,170,70,QB,115,57.5,10,5,184.375,200,15,7.5,1475,10,7.375
5088334,Nick,Whitfield Jr.,Nick Whitfield Jr.,Nick Whitfield Jr.,200,77,QB,34,62.9630012512207,1,1.8519999980926514,87.5999984741211,54,4,7.4070000648498535,438,5,8.111000061035156
5088893,Cade,McConnell,Cade McConnell,Cade McConnell,195,73,QB,92,53.487998962402344,4,2.3259999752044678,205.2857208251953,172,6,3.48799991607666,1437,15,8.354999542236328
5088992,Amari,Powell,Amari Powell,Amari Powell,188,73,QB,69,52.672000885009766,6,4.579999923706055,112.28571319580078,131,6,4.579999923706055,786,13,6
5089022,Nyqua,Lett,Nyqua Lett,Nyqua Lett,187,74,QB,10,83.33300018310547,1,8.333000183105469,6.75,12,1,8.333000183105469,27,0,2.25
5089190,Marshall,Howe,Marshall Howe,Marshall Howe,197,73,QB,4,44.444000244140625,0,0,17,9,1,11.111000061035156,34,0,3.7780001163482666
5089335,Rowan,Keefe,Rowan Keefe,Rowan Keefe,185,75,QB,55,60.439998626708984,4,4.395999908447266,140.39999389648438,91,6,6.5929999351501465,702,14,7.714000225067139
5089540,Cole,Gonzales,Cole Gonzales,Cole Gonzales,195,72,QB,204,65.805999755859375,8,2.5810000896453857,254.81817626953125,310,28,9.031999588012695,2803,7,9.041999816894531
5089862,Quaterius,Hawkins,Quaterius Hawkins,Quaterius Hawkins,180,72,QB,56,56.566001892089844,4,4.039999961853027,122,99,1,1.0099999904632568,488,5,4.928999900817871
5090099,Maurice,Smith,Maurice Smith,Maurice Smith,210,74,QB,1,50,0,0,1.399999976158142,2,0,0,7,0,3.5
5091890,Kadin,Semonza,Kadin Semonza,Kadin Semonza,190,73,QB,50,60.97600173950195,5,6.0980000495910645,120,82,3,3.6589999198913574,480,6,5.854000091552734
5092781,Jack,Turner,Jack Turner,Jack Turner,230,77,QB,84,57.143001556396484,5,3.4010000228881836,127.125,147,5,3.4010000228881836,1017,4,6.918000221252441
5093185,Noah,Walters,Noah Walters,Noah Walters,190,72,QB,224,58.638999938964844,13,3.4030001163482666,213.18182373046875,382,21,5.497000217437744,2345,16,6.138999938964844
5093814,Malcolm,Mays,Malcolm Mays,Malcolm Mays,195,77,QB,1,20,0,0,26,5,0,0,26,1,5.199999809265137
5093930,Thomas,Landry,Thomas Landry,Thomas Landry,229,73,QB,0,0,0,0,0,4,0,0,0,0,0
5095112,Zach,Tanner,Zach Tanner,Zach Tanner,180,74,QB,20,51.28200149536133,0,0,98.5,39,1,2.563999891281128,197,3,5.051000118255615
5095245,Andre,Washington,Andre Washington,Andre Washington,215,76,QB,11,32.35300064086914,2,5.881999969482422,14.11111068725586,34,0,0,127,3,3.734999895095825
5095771,Ethan,Greenwood,Ethan Greenwood,Ethan Greenwood,190,73,QB,15,55.555999755859375,2,7.4070000648498535,32,27,1,3.7039999961853027,192,6,7.111000061035156
5096813,Channing,Dumas,Channing Dumas,Channing Dumas,195,75,QB,2,40,0,0,27.5,5,0,0,55,0,11
5100516,Damien,Mazil,Damien Mazil,Damien Mazil,200,74,QB,24,51.06399917602539,2,4.255000114440918,32.5,47,0,0,195,1,4.14900016784668
5104738,Ryan,Browne,Ryan Browne,Ryan Browne,215,76,QB,12,75,2,12.5,104,16,0,0,104,1,6.5
5105849,Devon,Dampier,Devon Dampier,Devon Dampier,198,72,QB,40,62.5,0,0,58.33333206176758,64,6,9.375,525,4,8.20300006866455
5121691,Blaze,Berlowitz,Blaze Berlowitz,Blaze Berlowitz,200,75,QB,10,52.63199996948242,1,5.263000011444092,134,19,1,5.263000011444092,134,0,7.052999973297119
5122548,Hayden,Timosciek,Hayden Timosciek,Hayden Timosciek,210,79,QB,6,60,2,20,33,10,0,0,33,0,3.299999952316284
5150296,Larry,Robinson,Larry Robinson,Larry Robinson,189,70,QB,2,33.33300018310547,1,16.66699981689453,10,6,0,0,20,0,3.3329999446868896
5150300,Champ,Harris,Champ Harris,Champ Harris,193,74,QB,19,54.2859992980957,4,11.428999900817871,43.33333206176758,35,0,0,260,7,7.428999900817871
5150611,Jake,Retzlaff,Jake Retzlaff,Jake Retzlaff,205,73,QB,63,50.400001525878906,3,2.4000000953674316,162,125,3,2.4000000953674316,648,7,5.184000015258789
5150645,Ui,Ale,Ui Ale,Ui Ale,208,71,QB,4,50,0,0,23,8,1,12.5,69,1,8.625
5151060,Cole,Ballard,Cole Ballard,Cole Ballard,210,74,QB,20,55.555999755859375,3,8.333000183105469,143,36,1,2.7780001163482666,286,5,7.943999767303467
5151231,Forrest,Brock,Forrest Brock,Forrest Brock,190,75,QB,7,46.66699981689453,1,6.666999816894531,60,15,0,0,60,3,4
5151469,Ike,Udengwu III,Ike Udengwu III,Ike Udengwu III,208,74,QB,13,46.42900085449219,2,7.14300012588501,50,28,0,0,100,2,3.571000099182129
5151618,Kirk,Francis,Kirk Francis,Kirk Francis,180,74,QB,68,56.198001861572266,3,2.4790000915527344,241.75,121,6,4.959000110626221,967,5,7.992000102996826
5151904,John,Busha,John Busha,John Busha,205,74,QB,9,47.36800003051758,1,5.263000011444092,50.66666793823242,19,0,0,152,1,8
5151948,Joey,Aguilar,Joey Aguilar,Joey Aguilar,220,75,QB,275,64.25199890136719,9,2.1029999256134033,272.76922607421875,428,33,7.710000038146973,3546,18,8.28499984741211
5157067,Gavin,Kuld,Gavin Kuld,Gavin Kuld,215,78,QB,1,33.33300018310547,1,33.33300018310547,22,3,0,0,22,0,7.333000183105469
5158343,Braxton,Woodson,Braxton Woodson,Braxton Woodson,202,75,QB,17,42.5,1,2.5,40.75,40,1,2.5,163,9,4.074999809265137
